{
  "creationTimeStamp" : "0001-01-01T00:00:00Z",
  "modifiedTimeStamp" : "0001-01-01T00:00:00Z",
  "revision" : 0,
  "name" : "dmcas_miscTable",
  "version" : 0,
  "order" : 0,
  "parameterMap" : {
    "_Cutoff_" : {
      "label" : "Cutoff",
      "length" : 8,
      "order" : 1,
      "parameter" : "_Cutoff_",
      "preformatted" : false,
      "type" : "num",
      "values" : [ "_Cutoff_" ]
    },
    "_Event_" : {
      "label" : "Event",
      "length" : 256,
      "order" : 5,
      "parameter" : "_Event_",
      "preformatted" : false,
      "type" : "char",
      "values" : [ "_Event_" ]
    },
    "_Response_" : {
      "label" : "Response",
      "length" : 10,
      "order" : 4,
      "parameter" : "_Response_",
      "preformatted" : false,
      "type" : "char",
      "values" : [ "_Response_" ]
    },
    "_TestCount_" : {
      "label" : "Test Frequency",
      "length" : 8,
      "order" : 9,
      "parameter" : "_TestCount_",
      "preformatted" : false,
      "type" : "num",
      "values" : [ "_TestCount_" ]
    },
    "_TestPct_" : {
      "label" : "Test Percentage",
      "length" : 8,
      "order" : 12,
      "parameter" : "_TestPct_",
      "preformatted" : false,
      "type" : "num",
      "values" : [ "_TestPct_" ]
    },
    "_TrainCount_" : {
      "label" : "Training Frequency",
      "length" : 8,
      "order" : 7,
      "parameter" : "_TrainCount_",
      "preformatted" : false,
      "type" : "num",
      "values" : [ "_TrainCount_" ]
    },
    "_TrainPct_" : {
      "label" : "Training Percentage",
      "length" : 8,
      "order" : 10,
      "parameter" : "_TrainPct_",
      "preformatted" : false,
      "type" : "num",
      "values" : [ "_TrainPct_" ]
    },
    "_ValidateCount_" : {
      "label" : "Validation Frequency",
      "length" : 8,
      "order" : 8,
      "parameter" : "_ValidateCount_",
      "preformatted" : false,
      "type" : "num",
      "values" : [ "_ValidateCount_" ]
    },
    "_ValidatePct_" : {
      "label" : "Validation Percentage",
      "length" : 8,
      "order" : 11,
      "parameter" : "_ValidatePct_",
      "preformatted" : false,
      "type" : "num",
      "values" : [ "_ValidatePct_" ]
    },
    "_Value_" : {
      "label" : "Value",
      "length" : 16,
      "order" : 6,
      "parameter" : "_Value_",
      "preformatted" : false,
      "type" : "char",
      "values" : [ "_Value_" ]
    },
    "_cutoffSource_" : {
      "label" : "Cutoff Source",
      "length" : 8,
      "order" : 2,
      "parameter" : "_cutoffSource_",
      "preformatted" : false,
      "type" : "char",
      "values" : [ "_cutoffSource_" ]
    },
    "_targetName_" : {
      "label" : "Target Name",
      "length" : 256,
      "order" : 3,
      "parameter" : "_targetName_",
      "preformatted" : false,
      "type" : "char",
      "values" : [ "_targetName_" ]
    }
  },
  "data" : [ {
    "dataMap" : {
      "_Cutoff_" : "0.09",
      "_Event_" : "           1",
      "_Response_" : "CORRECT",
      "_ValidateCount_" : "70",
      "_ValidatePct_" : "70",
      "_Value_" : "True Positive",
      "_cutoffSource_" : "KS",
      "_targetName_" : "Default"
    },
    "rowNumber" : 1
  }, {
    "dataMap" : {
      "_Cutoff_" : "0.09",
      "_Event_" : "           1",
      "_Response_" : "INCORRECT",
      "_ValidateCount_" : "30",
      "_ValidatePct_" : "30",
      "_Value_" : "False Negative",
      "_cutoffSource_" : "KS",
      "_targetName_" : "Default"
    },
    "rowNumber" : 2
  }, {
    "dataMap" : {
      "_Cutoff_" : "0.09",
      "_Event_" : "           0",
      "_Response_" : "CORRECT",
      "_ValidateCount_" : "1009",
      "_ValidatePct_" : "86.3130881095",
      "_Value_" : "True Negative",
      "_cutoffSource_" : "KS",
      "_targetName_" : "Default"
    },
    "rowNumber" : 3
  }, {
    "dataMap" : {
      "_Cutoff_" : "0.09",
      "_Event_" : "           0",
      "_Response_" : "INCORRECT",
      "_ValidateCount_" : "160",
      "_ValidatePct_" : "13.6869118905",
      "_Value_" : "False Positive",
      "_cutoffSource_" : "KS",
      "_targetName_" : "Default"
    },
    "rowNumber" : 4
  }, {
    "dataMap" : {
      "_Cutoff_" : "0.13",
      "_Event_" : "           1",
      "_Response_" : "CORRECT",
      "_TrainCount_" : "164",
      "_TrainPct_" : "81.592039801",
      "_Value_" : "True Positive",
      "_cutoffSource_" : "KS",
      "_targetName_" : "Default"
    },
    "rowNumber" : 5
  }, {
    "dataMap" : {
      "_Cutoff_" : "0.13",
      "_Event_" : "           1",
      "_Response_" : "INCORRECT",
      "_TrainCount_" : "37",
      "_TrainPct_" : "18.407960199",
      "_Value_" : "False Negative",
      "_cutoffSource_" : "KS",
      "_targetName_" : "Default"
    },
    "rowNumber" : 6
  }, {
    "dataMap" : {
      "_Cutoff_" : "0.13",
      "_Event_" : "           0",
      "_Response_" : "CORRECT",
      "_TrainCount_" : "2245",
      "_TrainPct_" : "95.9811885421",
      "_Value_" : "True Negative",
      "_cutoffSource_" : "KS",
      "_targetName_" : "Default"
    },
    "rowNumber" : 7
  }, {
    "dataMap" : {
      "_Cutoff_" : "0.13",
      "_Event_" : "           0",
      "_Response_" : "INCORRECT",
      "_TrainCount_" : "94",
      "_TrainPct_" : "4.01881145789",
      "_Value_" : "False Positive",
      "_cutoffSource_" : "KS",
      "_targetName_" : "Default"
    },
    "rowNumber" : 8
  }, {
    "dataMap" : {
      "_Cutoff_" : "0.16",
      "_Event_" : "           1",
      "_Response_" : "CORRECT",
      "_TestCount_" : "19",
      "_TestPct_" : "57.5757575758",
      "_Value_" : "True Positive",
      "_cutoffSource_" : "KS",
      "_targetName_" : "Default"
    },
    "rowNumber" : 9
  }, {
    "dataMap" : {
      "_Cutoff_" : "0.16",
      "_Event_" : "           1",
      "_Response_" : "INCORRECT",
      "_TestCount_" : "14",
      "_TestPct_" : "42.4242424242",
      "_Value_" : "False Negative",
      "_cutoffSource_" : "KS",
      "_targetName_" : "Default"
    },
    "rowNumber" : 10
  }, {
    "dataMap" : {
      "_Cutoff_" : "0.16",
      "_Event_" : "           0",
      "_Response_" : "CORRECT",
      "_TestCount_" : "366",
      "_TestPct_" : "93.8461538462",
      "_Value_" : "True Negative",
      "_cutoffSource_" : "KS",
      "_targetName_" : "Default"
    },
    "rowNumber" : 11
  }, {
    "dataMap" : {
      "_Cutoff_" : "0.16",
      "_Event_" : "           0",
      "_Response_" : "INCORRECT",
      "_TestCount_" : "24",
      "_TestPct_" : "6.15384615385",
      "_Value_" : "False Positive",
      "_cutoffSource_" : "KS",
      "_targetName_" : "Default"
    },
    "rowNumber" : 12
  }, {
    "dataMap" : {
      "_Cutoff_" : "0.5",
      "_Event_" : "           1",
      "_Response_" : "CORRECT",
      "_TestCount_" : "8",
      "_TestPct_" : "24.2424242424",
      "_TrainCount_" : "77",
      "_TrainPct_" : "38.3084577114",
      "_ValidateCount_" : "24",
      "_ValidatePct_" : "24",
      "_Value_" : "True Positive",
      "_cutoffSource_" : "Default",
      "_targetName_" : "Default"
    },
    "rowNumber" : 13
  }, {
    "dataMap" : {
      "_Cutoff_" : "0.5",
      "_Event_" : "           1",
      "_Response_" : "INCORRECT",
      "_TestCount_" : "25",
      "_TestPct_" : "75.7575757576",
      "_TrainCount_" : "124",
      "_TrainPct_" : "61.6915422886",
      "_ValidateCount_" : "76",
      "_ValidatePct_" : "76",
      "_Value_" : "False Negative",
      "_cutoffSource_" : "Default",
      "_targetName_" : "Default"
    },
    "rowNumber" : 14
  }, {
    "dataMap" : {
      "_Cutoff_" : "0.5",
      "_Event_" : "           0",
      "_Response_" : "CORRECT",
      "_TestCount_" : "389",
      "_TestPct_" : "99.7435897436",
      "_TrainCount_" : "2339",
      "_TrainPct_" : "100",
      "_ValidateCount_" : "1164",
      "_ValidatePct_" : "99.5722840034",
      "_Value_" : "True Negative",
      "_cutoffSource_" : "Default",
      "_targetName_" : "Default"
    },
    "rowNumber" : 15
  }, {
    "dataMap" : {
      "_Cutoff_" : "0.5",
      "_Event_" : "           0",
      "_Response_" : "INCORRECT",
      "_TestCount_" : "1",
      "_TestPct_" : "0.25641025641",
      "_TrainCount_" : "0",
      "_TrainPct_" : "0",
      "_ValidateCount_" : "5",
      "_ValidatePct_" : "0.427715996578",
      "_Value_" : "False Positive",
      "_cutoffSource_" : "Default",
      "_targetName_" : "Default"
    },
    "rowNumber" : 16
  } ],
  "xInteger" : false,
  "yInteger" : false
}