{
  "product" : "DMCAS",
  "project" : "0fec4b71-ca75-40c2-abf8-26e19dad7e8e",
  "target" : {
    "name" : "Default",
    "level" : "BINARY",
    "format" : "",
    "order" : "",
    "label" : "",
    "event" : "           1",
    "SASJSONExport" : "1.0 PRETTY",
    "SASTableData+DMCAS_TARGETLEVEL" : [ {
      "_TYPE_" : "",
      "resourceId" : "22165c3f-0667-4acc-8458-1d4bf6de082b",
      "id" : "0fec4b71-ca75-40c2-abf8-26e19dad7e8e",
      "_predictedvar_" : "I_Default",
      "_variable_" : "Default",
      "_rawchar_" : "",
      "_cfmt_" : "",
      "_label_" : "Into: Default",
      "_event_flag_" : "N",
      "revision" : 0
    }, {
      "_TYPE_" : "",
      "resourceId" : "c22a4244-2fb9-4e64-a8bf-8d11f4b38136",
      "id" : "0fec4b71-ca75-40c2-abf8-26e19dad7e8e",
      "_predictedvar_" : "P_Default0",
      "_variable_" : "Default",
      "_index_" : 2,
      "_freq_" : 3898,
      "freqPercent" : 92.1077504726,
      "nmissPercent" : 92.1077504726,
      "_rawnum_" : 0,
      "_rawchar_" : "",
      "_cfmt_" : "           0",
      "_label_" : "Predicted: Default=0",
      "_event_flag_" : "N",
      "revision" : 0
    }, {
      "_TYPE_" : "",
      "resourceId" : "5e62124b-db7c-426d-a3b7-030672db6e15",
      "id" : "0fec4b71-ca75-40c2-abf8-26e19dad7e8e",
      "_predictedvar_" : "P_Default1",
      "_variable_" : "Default",
      "_index_" : 1,
      "_freq_" : 334,
      "freqPercent" : 7.89224952741,
      "nmissPercent" : 7.89224952741,
      "_rawnum_" : 1,
      "_rawchar_" : "",
      "_cfmt_" : "           1",
      "_label_" : "Predicted: Default=1",
      "_event_flag_" : "Y",
      "revision" : 0
    } ]
  }
}