{
  "creationTimeStamp" : "0001-01-01T00:00:00Z",
  "modifiedTimeStamp" : "0001-01-01T00:00:00Z",
  "revision" : 0,
  "name" : "dmcas_fitstat",
  "version" : 0,
  "order" : 0,
  "parameterMap" : {
    "_ASE_" : {
      "label" : "Average Squared Error",
      "length" : 8,
      "order" : 6,
      "parameter" : "_ASE_",
      "preformatted" : false,
      "type" : "num",
      "values" : [ "_ASE_" ]
    },
    "_C_" : {
      "label" : "Area Under ROC",
      "length" : 8,
      "order" : 12,
      "parameter" : "_C_",
      "preformatted" : false,
      "type" : "num",
      "values" : [ "_C_" ]
    },
    "_DIV_" : {
      "label" : "Divisor for ASE",
      "length" : 8,
      "order" : 7,
      "parameter" : "_DIV_",
      "preformatted" : false,
      "type" : "num",
      "values" : [ "_DIV_" ]
    },
    "_DataRole_" : {
      "label" : "Data Role",
      "length" : 10,
      "order" : 2,
      "parameter" : "_DataRole_",
      "preformatted" : false,
      "type" : "char",
      "values" : [ "_DataRole_" ]
    },
    "_GAMMA_" : {
      "label" : "Gamma",
      "length" : 8,
      "order" : 14,
      "parameter" : "_GAMMA_",
      "preformatted" : false,
      "type" : "num",
      "values" : [ "_GAMMA_" ]
    },
    "_GINI_" : {
      "label" : "Gini Coefficient",
      "length" : 8,
      "order" : 13,
      "parameter" : "_GINI_",
      "preformatted" : false,
      "type" : "num",
      "values" : [ "_GINI_" ]
    },
    "_KSCut_" : {
      "label" : "KS Cutoff",
      "length" : 8,
      "order" : 16,
      "parameter" : "_KSCut_",
      "preformatted" : false,
      "type" : "num",
      "values" : [ "_KSCut_" ]
    },
    "_KSPostCutoff_" : {
      "label" : "KS at User-Specified Cutoff",
      "length" : 8,
      "order" : 17,
      "parameter" : "_KSPostCutoff_",
      "preformatted" : false,
      "type" : "num",
      "values" : [ "_KSPostCutoff_" ]
    },
    "_KS_" : {
      "label" : "KS (Youden)",
      "length" : 8,
      "order" : 11,
      "parameter" : "_KS_",
      "preformatted" : false,
      "type" : "num",
      "values" : [ "_KS_" ]
    },
    "_MCE_" : {
      "label" : "Misclassification Rate",
      "length" : 8,
      "order" : 9,
      "parameter" : "_MCE_",
      "preformatted" : false,
      "type" : "num",
      "values" : [ "_MCE_" ]
    },
    "_MCLL_" : {
      "label" : "Multi-Class Log Loss",
      "length" : 8,
      "order" : 10,
      "parameter" : "_MCLL_",
      "preformatted" : false,
      "type" : "num",
      "values" : [ "_MCLL_" ]
    },
    "_NObs_" : {
      "label" : "Number of Observations",
      "length" : 8,
      "order" : 5,
      "parameter" : "_NObs_",
      "preformatted" : false,
      "type" : "num",
      "values" : [ "_NObs_" ]
    },
    "_PartInd_" : {
      "label" : "Partition Indicator",
      "length" : 8,
      "order" : 3,
      "parameter" : "_PartInd_",
      "preformatted" : false,
      "type" : "num",
      "values" : [ "_PartInd_" ]
    },
    "_RASE_" : {
      "label" : "Root Average Squared Error",
      "length" : 8,
      "order" : 8,
      "parameter" : "_RASE_",
      "preformatted" : false,
      "type" : "num",
      "values" : [ "_RASE_" ]
    },
    "_TAU_" : {
      "label" : "Tau",
      "length" : 8,
      "order" : 15,
      "parameter" : "_TAU_",
      "preformatted" : false,
      "type" : "num",
      "values" : [ "_TAU_" ]
    },
    "_TargetName_" : {
      "label" : "Target Name",
      "length" : 7,
      "order" : 1,
      "parameter" : "_TargetName_",
      "preformatted" : false,
      "type" : "char",
      "values" : [ "_TargetName_" ]
    },
    "_formattedPartition_" : {
      "label" : "Formatted Partition",
      "length" : 12,
      "order" : 4,
      "parameter" : "_formattedPartition_",
      "preformatted" : false,
      "type" : "char",
      "values" : [ "_formattedPartition_" ]
    },
    "_miscEvent_" : {
      "label" : "Misclassification Rate (Event)",
      "length" : 8,
      "order" : 19,
      "parameter" : "_miscEvent_",
      "preformatted" : false,
      "type" : "num",
      "values" : [ "_miscEvent_" ]
    },
    "_miscKs_" : {
      "label" : "Misclassification Rate at KS Cutoff (Event)",
      "length" : 8,
      "order" : 18,
      "parameter" : "_miscKs_",
      "preformatted" : false,
      "type" : "num",
      "values" : [ "_miscKs_" ]
    }
  },
  "data" : [ {
    "dataMap" : {
      "_ASE_" : "0.0528806149396",
      "_C_" : "0.825252525253",
      "_DIV_" : "423",
      "_DataRole_" : "TEST",
      "_GAMMA_" : "0.678114369026",
      "_GINI_" : "0.650505050505",
      "_KSCut_" : "0.16",
      "_KSPostCutoff_" : "0.2398601399",
      "_KS_" : "0.514219114219",
      "_MCE_" : "0.0614657210402",
      "_MCLL_" : "0.200438511618",
      "_NObs_" : "423",
      "_PartInd_" : "2",
      "_RASE_" : "0.229957854703",
      "_TAU_" : "0.0938007686016",
      "_TargetName_" : "Default",
      "_formattedPartition_" : "           2",
      "_miscEvent_" : "0.061465721",
      "_miscKs_" : "0.0898345154"
    },
    "rowNumber" : 1
  }, {
    "dataMap" : {
      "_ASE_" : "0.0359121327384",
      "_C_" : "0.945185360074",
      "_DIV_" : "2540",
      "_DataRole_" : "TRAIN",
      "_GAMMA_" : "0.905503567087",
      "_GINI_" : "0.890370720149",
      "_KSCut_" : "0.13",
      "_KSPostCutoff_" : "0.3830845771",
      "_KS_" : "0.775732283431",
      "_MCE_" : "0.0488188976378",
      "_MCLL_" : "0.141072203302",
      "_NObs_" : "2540",
      "_PartInd_" : "1",
      "_RASE_" : "0.189504967582",
      "_TAU_" : "0.129816748487",
      "_TargetName_" : "Default",
      "_formattedPartition_" : "           1",
      "_miscEvent_" : "0.0488188976",
      "_miscKs_" : "0.0515748031"
    },
    "rowNumber" : 2
  }, {
    "dataMap" : {
      "_ASE_" : "0.0524395176171",
      "_C_" : "0.86744225834",
      "_DIV_" : "1269",
      "_DataRole_" : "VALIDATE",
      "_GAMMA_" : "0.76217683695",
      "_GINI_" : "0.734884516681",
      "_KSCut_" : "0.09",
      "_KSPostCutoff_" : "0.23572284",
      "_KS_" : "0.563130881095",
      "_MCE_" : "0.063829787234",
      "_MCLL_" : "0.193745003428",
      "_NObs_" : "1269",
      "_PartInd_" : "0",
      "_RASE_" : "0.228996763333",
      "_TAU_" : "0.106778232693",
      "_TargetName_" : "Default",
      "_formattedPartition_" : "           0",
      "_miscEvent_" : "0.0638297872",
      "_miscKs_" : "0.1497241923"
    },
    "rowNumber" : 3
  } ],
  "xInteger" : false,
  "yInteger" : false
}