{
  "creationTimeStamp" : "0001-01-01T00:00:00Z",
  "modifiedTimeStamp" : "0001-01-01T00:00:00Z",
  "revision" : 0,
  "name" : "groupMetrics",
  "version" : 0,
  "order" : 0,
  "parameterMap" : {
    "INTO_EVENT" : {
      "label" : "Proportion Into Event Level",
      "length" : 8,
      "order" : 32,
      "parameter" : "INTO_EVENT",
      "preformatted" : false,
      "type" : "num",
      "values" : [ "INTO_EVENT" ]
    },
    "LEVEL" : {
      "label" : "Variable Level",
      "length" : 100,
      "order" : 4,
      "parameter" : "LEVEL",
      "preformatted" : false,
      "type" : "char",
      "values" : [ "LEVEL" ]
    },
    "PREDICTED_EVENT" : {
      "label" : "Average Prediction for Event",
      "length" : 8,
      "order" : 33,
      "parameter" : "PREDICTED_EVENT",
      "preformatted" : false,
      "type" : "num",
      "values" : [ "PREDICTED_EVENT" ]
    },
    "P_Default0" : {
      "label" : "P_Default0",
      "length" : 8,
      "order" : 35,
      "parameter" : "P_Default0",
      "preformatted" : false,
      "type" : "num",
      "values" : [ "P_Default0" ]
    },
    "P_Default1" : {
      "label" : "P_Default1",
      "length" : 8,
      "order" : 34,
      "parameter" : "P_Default1",
      "preformatted" : false,
      "type" : "num",
      "values" : [ "P_Default1" ]
    },
    "VLABEL" : {
      "label" : "Variable Label",
      "length" : 256,
      "order" : 2,
      "parameter" : "VLABEL",
      "preformatted" : false,
      "type" : "char",
      "values" : [ "VLABEL" ]
    },
    "_DATAROLE_" : {
      "label" : "Data Role",
      "length" : 8,
      "order" : 3,
      "parameter" : "_DATAROLE_",
      "preformatted" : false,
      "type" : "char",
      "values" : [ "_DATAROLE_" ]
    },
    "_VARIABLE_" : {
      "label" : "Variable",
      "length" : 255,
      "order" : 1,
      "parameter" : "_VARIABLE_",
      "preformatted" : false,
      "type" : "char",
      "values" : [ "_VARIABLE_" ]
    },
    "_acc_" : {
      "label" : "Accuracy",
      "length" : 8,
      "order" : 15,
      "parameter" : "_acc_",
      "preformatted" : false,
      "type" : "num",
      "values" : [ "_acc_" ]
    },
    "_ase_" : {
      "label" : "Average Squared Error",
      "length" : 8,
      "order" : 22,
      "parameter" : "_ase_",
      "preformatted" : false,
      "type" : "num",
      "values" : [ "_ase_" ]
    },
    "_c_" : {
      "label" : "Area Under ROC",
      "length" : 8,
      "order" : 16,
      "parameter" : "_c_",
      "preformatted" : false,
      "type" : "num",
      "values" : [ "_c_" ]
    },
    "_cumlift_" : {
      "label" : "Cumulative Lift",
      "length" : 8,
      "order" : 31,
      "parameter" : "_cumlift_",
      "preformatted" : false,
      "type" : "num",
      "values" : [ "_cumlift_" ]
    },
    "_cumresp_" : {
      "label" : "Cumulative Captured Response Percentage",
      "length" : 8,
      "order" : 30,
      "parameter" : "_cumresp_",
      "preformatted" : false,
      "type" : "num",
      "values" : [ "_cumresp_" ]
    },
    "_f1_" : {
      "label" : "F1 Score",
      "length" : 8,
      "order" : 17,
      "parameter" : "_f1_",
      "preformatted" : false,
      "type" : "num",
      "values" : [ "_f1_" ]
    },
    "_fdr_" : {
      "label" : "False Discovery Rate",
      "length" : 8,
      "order" : 14,
      "parameter" : "_fdr_",
      "preformatted" : false,
      "type" : "num",
      "values" : [ "_fdr_" ]
    },
    "_fn_" : {
      "label" : "False Negative",
      "length" : 8,
      "order" : 9,
      "parameter" : "_fn_",
      "preformatted" : false,
      "type" : "num",
      "values" : [ "_fn_" ]
    },
    "_fnr_" : {
      "label" : "False Negative Rate",
      "length" : 8,
      "order" : 13,
      "parameter" : "_fnr_",
      "preformatted" : false,
      "type" : "num",
      "values" : [ "_fnr_" ]
    },
    "_fp_" : {
      "label" : "False Positive",
      "length" : 8,
      "order" : 7,
      "parameter" : "_fp_",
      "preformatted" : false,
      "type" : "num",
      "values" : [ "_fp_" ]
    },
    "_fpr_" : {
      "label" : "False Positive Rate",
      "length" : 8,
      "order" : 11,
      "parameter" : "_fpr_",
      "preformatted" : false,
      "type" : "num",
      "values" : [ "_fpr_" ]
    },
    "_gain_" : {
      "label" : "Gain",
      "length" : 8,
      "order" : 27,
      "parameter" : "_gain_",
      "preformatted" : false,
      "type" : "num",
      "values" : [ "_gain_" ]
    },
    "_gini_" : {
      "label" : "Gini Coefficient",
      "length" : 8,
      "order" : 18,
      "parameter" : "_gini_",
      "preformatted" : false,
      "type" : "num",
      "values" : [ "_gini_" ]
    },
    "_ks_" : {
      "label" : "KS (Youden)",
      "length" : 8,
      "order" : 25,
      "parameter" : "_ks_",
      "preformatted" : false,
      "type" : "num",
      "values" : [ "_ks_" ]
    },
    "_kscut_" : {
      "label" : "KS Cutoff",
      "length" : 8,
      "order" : 26,
      "parameter" : "_kscut_",
      "preformatted" : false,
      "type" : "num",
      "values" : [ "_kscut_" ]
    },
    "_lift_" : {
      "label" : "Lift",
      "length" : 8,
      "order" : 28,
      "parameter" : "_lift_",
      "preformatted" : false,
      "type" : "num",
      "values" : [ "_lift_" ]
    },
    "_mce_" : {
      "label" : "Misclassification Rate",
      "length" : 8,
      "order" : 21,
      "parameter" : "_mce_",
      "preformatted" : false,
      "type" : "num",
      "values" : [ "_mce_" ]
    },
    "_mcll_" : {
      "label" : "Multi-Class Log Loss",
      "length" : 8,
      "order" : 24,
      "parameter" : "_mcll_",
      "preformatted" : false,
      "type" : "num",
      "values" : [ "_mcll_" ]
    },
    "_misccutoff_" : {
      "label" : "Misclassification at Cutoff",
      "length" : 8,
      "order" : 19,
      "parameter" : "_misccutoff_",
      "preformatted" : false,
      "type" : "num",
      "values" : [ "_misccutoff_" ]
    },
    "_miscks_" : {
      "label" : "Misclassification Rate at KS Cutoff (Event)",
      "length" : 8,
      "order" : 20,
      "parameter" : "_miscks_",
      "preformatted" : false,
      "type" : "num",
      "values" : [ "_miscks_" ]
    },
    "_nobs_" : {
      "label" : "Number of Observations",
      "length" : 8,
      "order" : 5,
      "parameter" : "_nobs_",
      "preformatted" : false,
      "type" : "num",
      "values" : [ "_nobs_" ]
    },
    "_rase_" : {
      "label" : "Root Average Squared Error",
      "length" : 8,
      "order" : 23,
      "parameter" : "_rase_",
      "preformatted" : false,
      "type" : "num",
      "values" : [ "_rase_" ]
    },
    "_resp_" : {
      "label" : "Captured Response Percentage",
      "length" : 8,
      "order" : 29,
      "parameter" : "_resp_",
      "preformatted" : false,
      "type" : "num",
      "values" : [ "_resp_" ]
    },
    "_tn_" : {
      "label" : "True Negative",
      "length" : 8,
      "order" : 8,
      "parameter" : "_tn_",
      "preformatted" : false,
      "type" : "num",
      "values" : [ "_tn_" ]
    },
    "_tnr_" : {
      "label" : "True Negative Rate",
      "length" : 8,
      "order" : 12,
      "parameter" : "_tnr_",
      "preformatted" : false,
      "type" : "num",
      "values" : [ "_tnr_" ]
    },
    "_tp_" : {
      "label" : "True Positive",
      "length" : 8,
      "order" : 6,
      "parameter" : "_tp_",
      "preformatted" : false,
      "type" : "num",
      "values" : [ "_tp_" ]
    },
    "_tpr_" : {
      "label" : "True Positive Rate",
      "length" : 8,
      "order" : 10,
      "parameter" : "_tpr_",
      "preformatted" : false,
      "type" : "num",
      "values" : [ "_tpr_" ]
    }
  },
  "data" : [ {
    "dataMap" : {
      "INTO_EVENT" : "0.0140449438202",
      "LEVEL" : "0",
      "PREDICTED_EVENT" : "0.0655891519663",
      "P_Default0" : "0.934410860674",
      "P_Default1" : "0.0655891519663",
      "VLABEL" : "",
      "_DATAROLE_" : "TEST",
      "_VARIABLE_" : "Delinquencies",
      "_acc_" : "0.957865168539",
      "_ase_" : "0.0394320966881",
      "_c_" : "0.785256410256",
      "_cumlift_" : "5",
      "_cumresp_" : "50",
      "_f1_" : "0.347826086957",
      "_fdr_" : "0.2",
      "_fn_" : "14",
      "_fnr_" : "0.777777777778",
      "_fp_" : "1",
      "_fpr_" : "0.00295857988166",
      "_gain_" : "4",
      "_gini_" : "0.570512820513",
      "_ks_" : "0.481919789612",
      "_kscut_" : "0.219263642341",
      "_lift_" : "1.11111111111",
      "_mce_" : "0.0421348314607",
      "_mcll_" : "0.162132585702",
      "_misccutoff_" : "0.0421348314607",
      "_miscks_" : "0.292134831461",
      "_nobs_" : "356",
      "_rase_" : "0.198575166343",
      "_resp_" : "5.55555555556",
      "_tn_" : "337",
      "_tnr_" : "0.997041420118",
      "_tp_" : "4",
      "_tpr_" : "0.222222222222"
    },
    "rowNumber" : 1
  }, {
    "dataMap" : {
      "INTO_EVENT" : "0.266666666667",
      "LEVEL" : "2",
      "PREDICTED_EVENT" : "0.309435273333",
      "P_Default0" : "0.690564753333",
      "P_Default1" : "0.309435273333",
      "VLABEL" : "",
      "_DATAROLE_" : "TEST",
      "_VARIABLE_" : "Delinquencies",
      "_acc_" : "0.933333333333",
      "_ase_" : "0.0513582011278",
      "_c_" : "1",
      "_cumlift_" : "3",
      "_cumresp_" : "20",
      "_f1_" : "0.888888888889",
      "_fdr_" : "0",
      "_fn_" : "1",
      "_fnr_" : "0.2",
      "_fp_" : "0",
      "_fpr_" : "0",
      "_gain_" : "2",
      "_gini_" : "1",
      "_ks_" : "1",
      "_kscut_" : "0.8",
      "_lift_" : "3",
      "_mce_" : "0.0666666666667",
      "_mcll_" : "0.213158592643",
      "_misccutoff_" : "0.0666666666667",
      "_miscks_" : "0",
      "_nobs_" : "15",
      "_rase_" : "0.226623478765",
      "_resp_" : "20",
      "_tn_" : "10",
      "_tnr_" : "1",
      "_tp_" : "4",
      "_tpr_" : "0.8"
    },
    "rowNumber" : 2
  }, {
    "dataMap" : {
      "INTO_EVENT" : "0",
      "LEVEL" : "4",
      "PREDICTED_EVENT" : "0.0341789",
      "P_Default0" : "0.965821",
      "P_Default1" : "0.0341789",
      "VLABEL" : "",
      "_DATAROLE_" : "TEST",
      "_VARIABLE_" : "Delinquencies",
      "_acc_" : "1",
      "_ase_" : "0.0011682006231",
      "_cumlift_" : "0",
      "_cumresp_" : "0",
      "_fn_" : "0",
      "_fp_" : "0",
      "_fpr_" : "0",
      "_gain_" : "0",
      "_lift_" : "0",
      "_mce_" : "0",
      "_mcll_" : "0.0347767621469",
      "_misccutoff_" : "0",
      "_miscks_" : "1",
      "_nobs_" : "3",
      "_rase_" : "0.03417895",
      "_resp_" : "0",
      "_tn_" : "3",
      "_tnr_" : "1",
      "_tp_" : "0"
    },
    "rowNumber" : 3
  }, {
    "dataMap" : {
      "INTO_EVENT" : "0",
      "LEVEL" : "6",
      "PREDICTED_EVENT" : "0.329563",
      "P_Default0" : "0.670437",
      "P_Default1" : "0.329563",
      "VLABEL" : "",
      "_DATAROLE_" : "TEST",
      "_VARIABLE_" : "Delinquencies",
      "_acc_" : "0",
      "_ase_" : "0.449485770969",
      "_cumlift_" : "1",
      "_cumresp_" : "100",
      "_f1_" : "0",
      "_fn_" : "1",
      "_fnr_" : "1",
      "_fp_" : "0",
      "_gain_" : "0",
      "_lift_" : "1",
      "_mce_" : "1",
      "_mcll_" : "1.10998774453",
      "_misccutoff_" : "1",
      "_miscks_" : "0",
      "_nobs_" : "1",
      "_rase_" : "0.670437",
      "_resp_" : "100",
      "_tn_" : "0",
      "_tp_" : "0",
      "_tpr_" : "0"
    },
    "rowNumber" : 4
  }, {
    "dataMap" : {
      "INTO_EVENT" : "0",
      "LEVEL" : "1",
      "PREDICTED_EVENT" : "0.0835766538462",
      "P_Default0" : "0.916423333333",
      "P_Default1" : "0.0835766538462",
      "VLABEL" : "",
      "_DATAROLE_" : "TEST",
      "_VARIABLE_" : "Delinquencies",
      "_acc_" : "0.820512820513",
      "_ase_" : "0.1509525055",
      "_c_" : "0.649553571429",
      "_cumlift_" : "1.42857142857",
      "_cumresp_" : "14.2857142857",
      "_f1_" : "0",
      "_fn_" : "7",
      "_fnr_" : "1",
      "_fp_" : "0",
      "_fpr_" : "0",
      "_gain_" : "0.428571428571",
      "_gini_" : "0.299107142857",
      "_ks_" : "0.401785714286",
      "_kscut_" : "0",
      "_lift_" : "2.85714285714",
      "_mce_" : "0.179487179487",
      "_mcll_" : "0.490334303975",
      "_misccutoff_" : "0.179487179487",
      "_miscks_" : "0.307692307692",
      "_nobs_" : "39",
      "_rase_" : "0.388526067979",
      "_resp_" : "14.2857142857",
      "_tn_" : "32",
      "_tnr_" : "1",
      "_tp_" : "0",
      "_tpr_" : "0"
    },
    "rowNumber" : 5
  }, {
    "dataMap" : {
      "INTO_EVENT" : "0",
      "LEVEL" : "3",
      "PREDICTED_EVENT" : "0.14284755",
      "P_Default0" : "0.8571525",
      "P_Default1" : "0.14284755",
      "VLABEL" : "",
      "_DATAROLE_" : "TEST",
      "_VARIABLE_" : "Delinquencies",
      "_acc_" : "0.75",
      "_ase_" : "0.150730539747",
      "_c_" : "0.916666666667",
      "_cumlift_" : "4",
      "_cumresp_" : "50",
      "_f1_" : "0",
      "_fn_" : "2",
      "_fnr_" : "1",
      "_fp_" : "0",
      "_fpr_" : "0",
      "_gain_" : "3",
      "_gini_" : "0.833333333333",
      "_ks_" : "0.833333333333",
      "_kscut_" : "0",
      "_lift_" : "4",
      "_mce_" : "0.25",
      "_mcll_" : "0.425513647754",
      "_misccutoff_" : "0.25",
      "_miscks_" : "0.125",
      "_nobs_" : "8",
      "_rase_" : "0.388240311852",
      "_resp_" : "50",
      "_tn_" : "6",
      "_tnr_" : "1",
      "_tp_" : "0",
      "_tpr_" : "0"
    },
    "rowNumber" : 6
  }, {
    "dataMap" : {
      "INTO_EVENT" : "0",
      "LEVEL" : "5",
      "PREDICTED_EVENT" : "0.119659",
      "P_Default0" : "0.880341",
      "P_Default1" : "0.119659",
      "VLABEL" : "",
      "_DATAROLE_" : "TEST",
      "_VARIABLE_" : "Delinquencies",
      "_acc_" : "1",
      "_ase_" : "0.014318276281",
      "_cumlift_" : "0",
      "_cumresp_" : "0",
      "_fn_" : "0",
      "_fp_" : "0",
      "_fpr_" : "0",
      "_gain_" : "0",
      "_lift_" : "0",
      "_mce_" : "0",
      "_mcll_" : "0.127445946569",
      "_misccutoff_" : "0",
      "_miscks_" : "1",
      "_nobs_" : "1",
      "_rase_" : "0.119659",
      "_resp_" : "0",
      "_tn_" : "1",
      "_tnr_" : "1",
      "_tp_" : "0"
    },
    "rowNumber" : 7
  }, {
    "dataMap" : {
      "INTO_EVENT" : "0.0132275132275",
      "LEVEL" : "0",
      "PREDICTED_EVENT" : "0.0642170671958",
      "P_Default0" : "0.935782942857",
      "P_Default1" : "0.0642170671958",
      "VLABEL" : "",
      "_DATAROLE_" : "TEST",
      "_VARIABLE_" : "DerogatoryMarks",
      "_acc_" : "0.94708994709",
      "_ase_" : "0.0465875258979",
      "_c_" : "0.809631728045",
      "_cumlift_" : "5.2",
      "_cumresp_" : "52",
      "_f1_" : "0.333333333333",
      "_fdr_" : "0",
      "_fn_" : "20",
      "_fnr_" : "0.8",
      "_fp_" : "0",
      "_fpr_" : "0",
      "_gain_" : "4.2",
      "_gini_" : "0.619263456091",
      "_ks_" : "0.495184135977",
      "_kscut_" : "0.2",
      "_lift_" : "1.6",
      "_mce_" : "0.0529100529101",
      "_mcll_" : "0.182382957177",
      "_misccutoff_" : "0.0529100529101",
      "_miscks_" : "0.124338624339",
      "_nobs_" : "378",
      "_rase_" : "0.215841436934",
      "_resp_" : "8",
      "_tn_" : "353",
      "_tnr_" : "1",
      "_tp_" : "5",
      "_tpr_" : "0.2"
    },
    "rowNumber" : 8
  }, {
    "dataMap" : {
      "INTO_EVENT" : "0",
      "LEVEL" : "2",
      "PREDICTED_EVENT" : "0.17149434",
      "P_Default0" : "0.828505666667",
      "P_Default1" : "0.17149434",
      "VLABEL" : "",
      "_DATAROLE_" : "TEST",
      "_VARIABLE_" : "DerogatoryMarks",
      "_acc_" : "0.933333333333",
      "_ase_" : "0.063113528498",
      "_c_" : "0.928571428571",
      "_cumlift_" : "0",
      "_cumresp_" : "0",
      "_f1_" : "0",
      "_fn_" : "1",
      "_fnr_" : "1",
      "_fp_" : "0",
      "_fpr_" : "0",
      "_gain_" : "-1",
      "_gini_" : "0.857142857143",
      "_ks_" : "0.928571428571",
      "_kscut_" : "0",
      "_lift_" : "0",
      "_mce_" : "0.0666666666667",
      "_mcll_" : "0.251957544533",
      "_misccutoff_" : "0.0666666666667",
      "_miscks_" : "0.0666666666667",
      "_nobs_" : "15",
      "_rase_" : "0.251224060348",
      "_resp_" : "0",
      "_tn_" : "14",
      "_tnr_" : "1",
      "_tp_" : "0",
      "_tpr_" : "0"
    },
    "rowNumber" : 9
  }, {
    "dataMap" : {
      "INTO_EVENT" : "1",
      "LEVEL" : "4",
      "PREDICTED_EVENT" : "0.885619",
      "P_Default0" : "0.11438115",
      "P_Default1" : "0.885619",
      "VLABEL" : "",
      "_DATAROLE_" : "TEST",
      "_VARIABLE_" : "DerogatoryMarks",
      "_acc_" : "0.5",
      "_ase_" : "0.316841379129",
      "_c_" : "1",
      "_cumlift_" : "2",
      "_cumresp_" : "100",
      "_f1_" : "0.666666666667",
      "_fdr_" : "0.5",
      "_fn_" : "0",
      "_fnr_" : "0",
      "_fp_" : "1",
      "_fpr_" : "1",
      "_gain_" : "1",
      "_gini_" : "1",
      "_ks_" : "1",
      "_kscut_" : "0",
      "_lift_" : "2",
      "_mce_" : "0.5",
      "_mcll_" : "0.806368300708",
      "_misccutoff_" : "0.5",
      "_miscks_" : "0",
      "_nobs_" : "2",
      "_rase_" : "0.562886648562",
      "_resp_" : "100",
      "_tn_" : "0",
      "_tnr_" : "0",
      "_tp_" : "1",
      "_tpr_" : "1"
    },
    "rowNumber" : 10
  }, {
    "dataMap" : {
      "INTO_EVENT" : "0.08",
      "LEVEL" : "1",
      "PREDICTED_EVENT" : "0.152533252",
      "P_Default0" : "0.84746676",
      "P_Default1" : "0.152533252",
      "VLABEL" : "",
      "_DATAROLE_" : "TEST",
      "_VARIABLE_" : "DerogatoryMarks",
      "_acc_" : "0.88",
      "_ase_" : "0.0968603396218",
      "_c_" : "0.865",
      "_cumlift_" : "6",
      "_cumresp_" : "60",
      "_f1_" : "0.571428571429",
      "_fdr_" : "0",
      "_fn_" : "3",
      "_fnr_" : "0.6",
      "_fp_" : "0",
      "_fpr_" : "0",
      "_gain_" : "5",
      "_gini_" : "0.73",
      "_ks_" : "0.6",
      "_kscut_" : "0.4",
      "_lift_" : "4",
      "_mce_" : "0.12",
      "_mcll_" : "0.330922858839",
      "_misccutoff_" : "0.12",
      "_miscks_" : "0.08",
      "_nobs_" : "25",
      "_rase_" : "0.31122393806",
      "_resp_" : "20",
      "_tn_" : "20",
      "_tnr_" : "1",
      "_tp_" : "2",
      "_tpr_" : "0.4"
    },
    "rowNumber" : 11
  }, {
    "dataMap" : {
      "INTO_EVENT" : "0",
      "LEVEL" : "3",
      "PREDICTED_EVENT" : "0.17142",
      "P_Default0" : "0.82858",
      "P_Default1" : "0.17142",
      "VLABEL" : "",
      "_DATAROLE_" : "TEST",
      "_VARIABLE_" : "DerogatoryMarks",
      "_acc_" : "0.666666666667",
      "_ase_" : "0.252173717933",
      "_c_" : "0",
      "_cumlift_" : "0",
      "_cumresp_" : "0",
      "_f1_" : "0",
      "_fn_" : "1",
      "_fnr_" : "1",
      "_fp_" : "0",
      "_fpr_" : "0",
      "_gain_" : "-1",
      "_gini_" : "-1",
      "_ks_" : "0",
      "_kscut_" : "0",
      "_lift_" : "0",
      "_mce_" : "0.333333333333",
      "_mcll_" : "0.726520453667",
      "_misccutoff_" : "0.333333333333",
      "_miscks_" : "0.666666666667",
      "_nobs_" : "3",
      "_rase_" : "0.502169013315",
      "_resp_" : "0",
      "_tn_" : "2",
      "_tnr_" : "1",
      "_tp_" : "0",
      "_tpr_" : "0"
    },
    "rowNumber" : 12
  }, {
    "dataMap" : {
      "INTO_EVENT" : "0.0137614678899",
      "LEVEL" : "0",
      "PREDICTED_EVENT" : "0.0601131220183",
      "P_Default0" : "0.939886900917",
      "P_Default1" : "0.0601131220183",
      "VLABEL" : "",
      "_DATAROLE_" : "TEST",
      "_VARIABLE_" : "Inquiries",
      "_acc_" : "0.949541284404",
      "_ase_" : "0.0455842170644",
      "_c_" : "0.743729773463",
      "_cumlift_" : "5",
      "_cumresp_" : "50",
      "_f1_" : "0.266666666667",
      "_fdr_" : "0.333333333333",
      "_fn_" : "10",
      "_fnr_" : "0.833333333333",
      "_fp_" : "1",
      "_fpr_" : "0.00485436893204",
      "_gain_" : "4",
      "_gini_" : "0.487459546926",
      "_ks_" : "0.457928802589",
      "_kscut_" : "0.161812297735",
      "_lift_" : "1.66666666667",
      "_mce_" : "0.0504587155963",
      "_mcll_" : "0.180611442204",
      "_misccutoff_" : "0.0504587155963",
      "_miscks_" : "0.215596330275",
      "_nobs_" : "218",
      "_rase_" : "0.213504606659",
      "_resp_" : "8.33333333333",
      "_tn_" : "205",
      "_tnr_" : "0.995145631068",
      "_tp_" : "2",
      "_tpr_" : "0.166666666667"
    },
    "rowNumber" : 13
  }, {
    "dataMap" : {
      "INTO_EVENT" : "0.0350877192982",
      "LEVEL" : "2",
      "PREDICTED_EVENT" : "0.0785873368421",
      "P_Default0" : "0.921412701754",
      "P_Default1" : "0.0785873368421",
      "VLABEL" : "",
      "_DATAROLE_" : "TEST",
      "_VARIABLE_" : "Inquiries",
      "_acc_" : "0.912280701754",
      "_ase_" : "0.0814277071456",
      "_c_" : "0.802857142857",
      "_cumlift_" : "4.28571428571",
      "_cumresp_" : "42.8571428571",
      "_f1_" : "0.444444444444",
      "_fdr_" : "0",
      "_fn_" : "5",
      "_fnr_" : "0.714285714286",
      "_fp_" : "0",
      "_fpr_" : "0",
      "_gain_" : "3.28571428571",
      "_gini_" : "0.605714285714",
      "_ks_" : "0.431428571429",
      "_kscut_" : "0.285714285714",
      "_lift_" : "0",
      "_mce_" : "0.0877192982456",
      "_mcll_" : "0.294107034694",
      "_misccutoff_" : "0.0877192982456",
      "_miscks_" : "0.175438596491",
      "_nobs_" : "57",
      "_rase_" : "0.28535540497",
      "_resp_" : "0",
      "_tn_" : "50",
      "_tnr_" : "1",
      "_tp_" : "2",
      "_tpr_" : "0.285714285714"
    },
    "rowNumber" : 14
  }, {
    "dataMap" : {
      "INTO_EVENT" : "0",
      "LEVEL" : "4",
      "PREDICTED_EVENT" : "0.0856034090909",
      "P_Default0" : "0.914396636364",
      "P_Default1" : "0.0856034090909",
      "VLABEL" : "",
      "_DATAROLE_" : "TEST",
      "_VARIABLE_" : "Inquiries",
      "_acc_" : "0.909090909091",
      "_ase_" : "0.0891490846288",
      "_c_" : "0.55",
      "_cumlift_" : "0",
      "_cumresp_" : "0",
      "_f1_" : "0",
      "_fn_" : "1",
      "_fnr_" : "1",
      "_fp_" : "0",
      "_fpr_" : "0",
      "_gain_" : "-1",
      "_gini_" : "0.1",
      "_ks_" : "0.4",
      "_kscut_" : "0",
      "_lift_" : "0",
      "_mce_" : "0.0909090909091",
      "_mcll_" : "0.324735276844",
      "_misccutoff_" : "0.0909090909091",
      "_miscks_" : "0.545454545455",
      "_nobs_" : "11",
      "_rase_" : "0.298578439658",
      "_resp_" : "0",
      "_tn_" : "10",
      "_tnr_" : "1",
      "_tp_" : "0",
      "_tpr_" : "0"
    },
    "rowNumber" : 15
  }, {
    "dataMap" : {
      "INTO_EVENT" : "0",
      "LEVEL" : "6",
      "PREDICTED_EVENT" : "0.1875265",
      "P_Default0" : "0.8124735",
      "P_Default1" : "0.1875265",
      "VLABEL" : "",
      "_DATAROLE_" : "TEST",
      "_VARIABLE_" : "Inquiries",
      "_acc_" : "0.75",
      "_ase_" : "0.168346530107",
      "_c_" : "1",
      "_cumlift_" : "4",
      "_cumresp_" : "100",
      "_f1_" : "0",
      "_fn_" : "1",
      "_fnr_" : "1",
      "_fp_" : "0",
      "_fpr_" : "0",
      "_gain_" : "3",
      "_gini_" : "1",
      "_ks_" : "1",
      "_kscut_" : "0",
      "_lift_" : "4",
      "_mce_" : "0.25",
      "_mcll_" : "0.500743604865",
      "_misccutoff_" : "0.25",
      "_miscks_" : "0",
      "_nobs_" : "4",
      "_rase_" : "0.410300536323",
      "_resp_" : "100",
      "_tn_" : "3",
      "_tnr_" : "1",
      "_tp_" : "0",
      "_tpr_" : "0"
    },
    "rowNumber" : 16
  }, {
    "dataMap" : {
      "INTO_EVENT" : "0",
      "LEVEL" : "8",
      "PREDICTED_EVENT" : "0.0251374",
      "P_Default0" : "0.974863",
      "P_Default1" : "0.0251374",
      "VLABEL" : "",
      "_DATAROLE_" : "TEST",
      "_VARIABLE_" : "Inquiries",
      "_acc_" : "1",
      "_ase_" : "0.00063187882388",
      "_cumlift_" : "0",
      "_cumresp_" : "0",
      "_fn_" : "0",
      "_fp_" : "0",
      "_fpr_" : "0",
      "_gain_" : "0",
      "_lift_" : "0",
      "_mce_" : "0",
      "_mcll_" : "0.0254583306777",
      "_misccutoff_" : "0",
      "_miscks_" : "1",
      "_nobs_" : "1",
      "_rase_" : "0.0251372000008",
      "_resp_" : "0",
      "_tn_" : "1",
      "_tnr_" : "1",
      "_tp_" : "0"
    },
    "rowNumber" : 17
  }, {
    "dataMap" : {
      "INTO_EVENT" : "0",
      "LEVEL" : "10",
      "PREDICTED_EVENT" : "0.0209059",
      "P_Default0" : "0.979094",
      "P_Default1" : "0.0209059",
      "VLABEL" : "",
      "_DATAROLE_" : "TEST",
      "_VARIABLE_" : "Inquiries",
      "_acc_" : "1",
      "_ase_" : "0.000437058745405",
      "_cumlift_" : "0",
      "_cumresp_" : "0",
      "_fn_" : "0",
      "_fp_" : "0",
      "_fpr_" : "0",
      "_gain_" : "0",
      "_lift_" : "0",
      "_mce_" : "0",
      "_mcll_" : "0.0211276247177",
      "_misccutoff_" : "0",
      "_miscks_" : "1",
      "_nobs_" : "1",
      "_rase_" : "0.0209059500001",
      "_resp_" : "0",
      "_tn_" : "1",
      "_tnr_" : "1",
      "_tp_" : "0"
    },
    "rowNumber" : 18
  }, {
    "dataMap" : {
      "INTO_EVENT" : "0.0112359550562",
      "LEVEL" : "1",
      "PREDICTED_EVENT" : "0.0864801629213",
      "P_Default0" : "0.913519797753",
      "P_Default1" : "0.0864801629213",
      "VLABEL" : "",
      "_DATAROLE_" : "TEST",
      "_VARIABLE_" : "Inquiries",
      "_acc_" : "0.932584269663",
      "_ase_" : "0.0481059456098",
      "_c_" : "0.920731707317",
      "_cumlift_" : "7.14285714286",
      "_cumresp_" : "71.4285714286",
      "_f1_" : "0.25",
      "_fdr_" : "0",
      "_fn_" : "6",
      "_fnr_" : "0.857142857143",
      "_fp_" : "0",
      "_fpr_" : "0",
      "_gain_" : "6.14285714286",
      "_gini_" : "0.841463414634",
      "_ks_" : "0.759581881533",
      "_kscut_" : "0.142857142857",
      "_lift_" : "5.71428571429",
      "_mce_" : "0.0674157303371",
      "_mcll_" : "0.175710854777",
      "_misccutoff_" : "0.0674157303371",
      "_miscks_" : "0.101123595506",
      "_nobs_" : "89",
      "_rase_" : "0.219330676399",
      "_resp_" : "28.5714285714",
      "_tn_" : "82",
      "_tnr_" : "1",
      "_tp_" : "1",
      "_tpr_" : "0.142857142857"
    },
    "rowNumber" : 19
  }, {
    "dataMap" : {
      "INTO_EVENT" : "0.0625",
      "LEVEL" : "3",
      "PREDICTED_EVENT" : "0.111906709375",
      "P_Default0" : "0.88809328125",
      "P_Default1" : "0.111906709375",
      "VLABEL" : "",
      "_DATAROLE_" : "TEST",
      "_VARIABLE_" : "Inquiries",
      "_acc_" : "0.96875",
      "_ase_" : "0.0364152246323",
      "_c_" : "0.936781609195",
      "_cumlift_" : "6.66666666667",
      "_cumresp_" : "66.6666666667",
      "_f1_" : "0.8",
      "_fdr_" : "0",
      "_fn_" : "1",
      "_fnr_" : "0.333333333333",
      "_fp_" : "0",
      "_fpr_" : "0",
      "_gain_" : "5.66666666667",
      "_gini_" : "0.873563218391",
      "_ks_" : "0.793103448276",
      "_kscut_" : "0.666666666667",
      "_lift_" : "0",
      "_mce_" : "0.03125",
      "_mcll_" : "0.155388532359",
      "_misccutoff_" : "0.03125",
      "_miscks_" : "0.1875",
      "_nobs_" : "32",
      "_rase_" : "0.19082773549",
      "_resp_" : "0",
      "_tn_" : "29",
      "_tnr_" : "1",
      "_tp_" : "2",
      "_tpr_" : "0.666666666667"
    },
    "rowNumber" : 20
  }, {
    "dataMap" : {
      "INTO_EVENT" : "0",
      "LEVEL" : "5",
      "PREDICTED_EVENT" : "0.105086975",
      "P_Default0" : "0.894913",
      "P_Default1" : "0.105086975",
      "VLABEL" : "",
      "_DATAROLE_" : "TEST",
      "_VARIABLE_" : "Inquiries",
      "_acc_" : "1",
      "_ase_" : "0.013198482723",
      "_cumlift_" : "0",
      "_cumresp_" : "0",
      "_fn_" : "0",
      "_fp_" : "0",
      "_fpr_" : "0",
      "_gain_" : "0",
      "_lift_" : "0",
      "_mce_" : "0",
      "_mcll_" : "0.112346680857",
      "_misccutoff_" : "0",
      "_miscks_" : "1",
      "_nobs_" : "4",
      "_rase_" : "0.11488464964",
      "_resp_" : "0",
      "_tn_" : "4",
      "_tnr_" : "1",
      "_tp_" : "0"
    },
    "rowNumber" : 21
  }, {
    "dataMap" : {
      "INTO_EVENT" : "0.25",
      "LEVEL" : "7",
      "PREDICTED_EVENT" : "0.402163",
      "P_Default0" : "0.597837075",
      "P_Default1" : "0.402163",
      "VLABEL" : "",
      "_DATAROLE_" : "TEST",
      "_VARIABLE_" : "Inquiries",
      "_acc_" : "0.75",
      "_ase_" : "0.136678661595",
      "_c_" : "1",
      "_cumlift_" : "2",
      "_cumresp_" : "50",
      "_f1_" : "0.666666666667",
      "_fdr_" : "0",
      "_fn_" : "1",
      "_fnr_" : "0.5",
      "_fp_" : "0",
      "_fpr_" : "0",
      "_gain_" : "1",
      "_gini_" : "1",
      "_ks_" : "1",
      "_kscut_" : "0.5",
      "_lift_" : "2",
      "_mce_" : "0.25",
      "_mcll_" : "0.398564227172",
      "_misccutoff_" : "0.25",
      "_miscks_" : "0",
      "_nobs_" : "4",
      "_rase_" : "0.369700773052",
      "_resp_" : "50",
      "_tn_" : "2",
      "_tnr_" : "1",
      "_tp_" : "1",
      "_tpr_" : "0.5"
    },
    "rowNumber" : 22
  }, {
    "dataMap" : {
      "INTO_EVENT" : "0",
      "LEVEL" : "9",
      "PREDICTED_EVENT" : "0.296725",
      "P_Default0" : "0.703275",
      "P_Default1" : "0.296725",
      "VLABEL" : "",
      "_DATAROLE_" : "TEST",
      "_VARIABLE_" : "Inquiries",
      "_acc_" : "1",
      "_ase_" : "0.088045725625",
      "_cumlift_" : "0",
      "_cumresp_" : "0",
      "_fn_" : "0",
      "_fp_" : "0",
      "_fpr_" : "0",
      "_gain_" : "0",
      "_lift_" : "0",
      "_mce_" : "0",
      "_mcll_" : "0.352007283008",
      "_misccutoff_" : "0",
      "_miscks_" : "1",
      "_nobs_" : "1",
      "_rase_" : "0.296725",
      "_resp_" : "0",
      "_tn_" : "1",
      "_tnr_" : "1",
      "_tp_" : "0"
    },
    "rowNumber" : 23
  }, {
    "dataMap" : {
      "INTO_EVENT" : "0",
      "LEVEL" : "11",
      "PREDICTED_EVENT" : "0.0198961",
      "P_Default0" : "0.980104",
      "P_Default1" : "0.0198961",
      "VLABEL" : "",
      "_DATAROLE_" : "TEST",
      "_VARIABLE_" : "Inquiries",
      "_acc_" : "1",
      "_ase_" : "0.000395852805605",
      "_cumlift_" : "0",
      "_cumresp_" : "0",
      "_fn_" : "0",
      "_fp_" : "0",
      "_fpr_" : "0",
      "_gain_" : "0",
      "_lift_" : "0",
      "_mce_" : "0",
      "_mcll_" : "0.0200965904991",
      "_misccutoff_" : "0",
      "_miscks_" : "1",
      "_nobs_" : "1",
      "_rase_" : "0.0198960500001",
      "_resp_" : "0",
      "_tn_" : "1",
      "_tnr_" : "1",
      "_tp_" : "0"
    },
    "rowNumber" : 24
  }, {
    "dataMap" : {
      "INTO_EVENT" : "0.0172413793103",
      "LEVEL" : "Mgr",
      "PREDICTED_EVENT" : "0.0715034",
      "P_Default0" : "0.928496586207",
      "P_Default1" : "0.0715034",
      "VLABEL" : "",
      "_DATAROLE_" : "TEST",
      "_VARIABLE_" : "JobType",
      "_acc_" : "0.931034482759",
      "_ase_" : "0.0592562580148",
      "_c_" : "0.781132075472",
      "_cumlift_" : "6",
      "_cumresp_" : "60",
      "_f1_" : "0.333333333333",
      "_fdr_" : "0",
      "_fn_" : "4",
      "_fnr_" : "0.8",
      "_fp_" : "0",
      "_fpr_" : "0",
      "_gain_" : "5",
      "_gini_" : "0.562264150943",
      "_ks_" : "0.649056603774",
      "_kscut_" : "0.2",
      "_lift_" : "4",
      "_mce_" : "0.0689655172414",
      "_mcll_" : "0.221835198146",
      "_misccutoff_" : "0.0689655172414",
      "_miscks_" : "0.155172413793",
      "_nobs_" : "58",
      "_rase_" : "0.243426083267",
      "_resp_" : "20",
      "_tn_" : "53",
      "_tnr_" : "1",
      "_tp_" : "1",
      "_tpr_" : "0.2"
    },
    "rowNumber" : 25
  }, {
    "dataMap" : {
      "INTO_EVENT" : "0.0299401197605",
      "LEVEL" : "Other",
      "PREDICTED_EVENT" : "0.101169973054",
      "P_Default0" : "0.898830074251",
      "P_Default1" : "0.101169973054",
      "VLABEL" : "",
      "_DATAROLE_" : "TEST",
      "_VARIABLE_" : "JobType",
      "_acc_" : "0.898203592814",
      "_ase_" : "0.0824566202095",
      "_c_" : "0.777551020408",
      "_cumlift_" : "4.5",
      "_cumresp_" : "45",
      "_f1_" : "0.32",
      "_fdr_" : "0.2",
      "_fn_" : "16",
      "_fnr_" : "0.8",
      "_fp_" : "1",
      "_fpr_" : "0.00680272108844",
      "_gain_" : "3.5",
      "_gini_" : "0.555102040816",
      "_ks_" : "0.441156462585",
      "_kscut_" : "0.193197278912",
      "_lift_" : "3",
      "_mce_" : "0.101796407186",
      "_mcll_" : "0.292689544924",
      "_misccutoff_" : "0.101796407186",
      "_miscks_" : "0.149700598802",
      "_nobs_" : "167",
      "_rase_" : "0.287152607875",
      "_resp_" : "15",
      "_tn_" : "146",
      "_tnr_" : "0.993197278912",
      "_tp_" : "4",
      "_tpr_" : "0.2"
    },
    "rowNumber" : 26
  }, {
    "dataMap" : {
      "INTO_EVENT" : "0.010101010101",
      "LEVEL" : "ProfExe",
      "PREDICTED_EVENT" : "0.0492013464646",
      "P_Default0" : "0.950798646465",
      "P_Default1" : "0.0492013464646",
      "VLABEL" : "",
      "_DATAROLE_" : "TEST",
      "_VARIABLE_" : "JobType",
      "_acc_" : "0.989898989899",
      "_ase_" : "0.0153166004333",
      "_c_" : "0.631443298969",
      "_cumlift_" : "5",
      "_cumresp_" : "50",
      "_f1_" : "0.666666666667",
      "_fdr_" : "0",
      "_fn_" : "1",
      "_fnr_" : "0.5",
      "_fp_" : "0",
      "_fpr_" : "0",
      "_gain_" : "4",
      "_gini_" : "0.262886597938",
      "_ks_" : "0.5",
      "_kscut_" : "0.5",
      "_lift_" : "0",
      "_mce_" : "0.010101010101",
      "_mcll_" : "0.090901264137",
      "_misccutoff_" : "0.010101010101",
      "_miscks_" : "0.010101010101",
      "_nobs_" : "99",
      "_rase_" : "0.123760253851",
      "_resp_" : "0",
      "_tn_" : "97",
      "_tnr_" : "1",
      "_tp_" : "1",
      "_tpr_" : "0.5"
    },
    "rowNumber" : 27
  }, {
    "dataMap" : {
      "INTO_EVENT" : "0",
      "LEVEL" : "Self",
      "PREDICTED_EVENT" : "0.0603305916667",
      "P_Default0" : "0.939669333333",
      "P_Default1" : "0.0603305916667",
      "VLABEL" : "",
      "_DATAROLE_" : "TEST",
      "_VARIABLE_" : "JobType",
      "_acc_" : "1",
      "_ase_" : "0.00498726615525",
      "_cumlift_" : "0",
      "_cumresp_" : "0",
      "_fn_" : "0",
      "_fp_" : "0",
      "_fpr_" : "0",
      "_gain_" : "0",
      "_lift_" : "0",
      "_mce_" : "0",
      "_mcll_" : "0.0630092770627",
      "_misccutoff_" : "0",
      "_miscks_" : "1",
      "_nobs_" : "12",
      "_rase_" : "0.0706205788369",
      "_resp_" : "0",
      "_tn_" : "12",
      "_tnr_" : "1",
      "_tp_" : "0"
    },
    "rowNumber" : 28
  }, {
    "dataMap" : {
      "INTO_EVENT" : "0.015625",
      "LEVEL" : "Office",
      "PREDICTED_EVENT" : "0.063753096875",
      "P_Default0" : "0.936246890625",
      "P_Default1" : "0.063753096875",
      "VLABEL" : "",
      "_DATAROLE_" : "TEST",
      "_VARIABLE_" : "JobType",
      "_acc_" : "0.9375",
      "_ase_" : "0.0530172108751",
      "_c_" : "0.932203389831",
      "_cumlift_" : "8",
      "_cumresp_" : "80",
      "_f1_" : "0.333333333333",
      "_fdr_" : "0",
      "_fn_" : "4",
      "_fnr_" : "0.8",
      "_fp_" : "0",
      "_fpr_" : "0",
      "_gain_" : "7",
      "_gini_" : "0.864406779661",
      "_ks_" : "0.762711864407",
      "_kscut_" : "0.2",
      "_lift_" : "8",
      "_mce_" : "0.0625",
      "_mcll_" : "0.18571209398",
      "_misccutoff_" : "0.0625",
      "_miscks_" : "0.21875",
      "_nobs_" : "64",
      "_rase_" : "0.230254665262",
      "_resp_" : "40",
      "_tn_" : "59",
      "_tnr_" : "1",
      "_tp_" : "1",
      "_tpr_" : "0.2"
    },
    "rowNumber" : 29
  }, {
    "dataMap" : {
      "INTO_EVENT" : "0",
      "LEVEL" : "Owner",
      "PREDICTED_EVENT" : "0.0366642222222",
      "P_Default0" : "0.963335777778",
      "P_Default1" : "0.0366642222222",
      "VLABEL" : "",
      "_DATAROLE_" : "TEST",
      "_VARIABLE_" : "JobType",
      "_acc_" : "1",
      "_ase_" : "0.00185169103051",
      "_cumlift_" : "0",
      "_cumresp_" : "0",
      "_fn_" : "0",
      "_fp_" : "0",
      "_fpr_" : "0",
      "_gain_" : "0",
      "_lift_" : "0",
      "_mce_" : "0",
      "_mcll_" : "0.0376360397248",
      "_misccutoff_" : "0",
      "_miscks_" : "1",
      "_nobs_" : "18",
      "_rase_" : "0.0430312796755",
      "_resp_" : "0",
      "_tn_" : "18",
      "_tnr_" : "1",
      "_tp_" : "0"
    },
    "rowNumber" : 30
  }, {
    "dataMap" : {
      "INTO_EVENT" : "0.2",
      "LEVEL" : "Sales",
      "PREDICTED_EVENT" : "0.3135317",
      "P_Default0" : "0.68646826",
      "P_Default1" : "0.3135317",
      "VLABEL" : "",
      "_DATAROLE_" : "TEST",
      "_VARIABLE_" : "JobType",
      "_acc_" : "1",
      "_ase_" : "0.0317518016594",
      "_c_" : "1",
      "_cumlift_" : "5",
      "_cumresp_" : "100",
      "_f1_" : "1",
      "_fdr_" : "0",
      "_fn_" : "0",
      "_fnr_" : "0",
      "_fp_" : "0",
      "_fpr_" : "0",
      "_gain_" : "4",
      "_gini_" : "1",
      "_ks_" : "1",
      "_kscut_" : "1",
      "_lift_" : "5",
      "_mce_" : "0",
      "_mcll_" : "0.144307143105",
      "_misccutoff_" : "0",
      "_miscks_" : "0",
      "_nobs_" : "5",
      "_rase_" : "0.178190352318",
      "_resp_" : "100",
      "_tn_" : "4",
      "_tnr_" : "1",
      "_tp_" : "1",
      "_tpr_" : "1"
    },
    "rowNumber" : 31
  } ],
  "xInteger" : false,
  "yInteger" : false
}