{
   "creationTimeStamp": "2023-08-28T08:59:41.134Z",
   "createdBy": "YiJian.Ching@sas.com",
   "modifiedTimeStamp": "2023-11-25T04:50:58.087Z",
   "modifiedBy": "YiJian.Ching@sas.com",
   "id": "4136b5c6-4c03-46cd-b46c-852c63462643",
   "name": "Python GradientBoost (Pipeline 1)",
   "scoreCodeType": "python",
   "algorithm": "opensrc",
   "function": "classification",
   "modeler": "YiJian.Ching@sas.com",
   "trainTable": "/dataTables/dataSources/cas~fs~cas-shared-default~fs~Public/tables/IDMMHMEQ_CUSTID",
   "eventProbVar": "P_Default1",
   "targetVariable": "Default",
   "targetEvent": "1",
   "targetLevel": "binary",
   "tool": "Model Studio",
   "toolVersion": "V2023.10",
   "externalModelId": "578d37ac-5b2c-427c-8fb0-e68859fb99c9",
   "modelVersionName": "4.4",
   "custom properties": []
}