{
   "creationTimeStamp": "2024-05-02T13:09:07.376Z",
   "createdBy": "YiJian.Ching@sas.com",
   "modifiedTimeStamp": "2024-05-06T01:48:10.006Z",
   "modifiedBy": "YiJian.Ching@sas.com",
   "id": "bb6ea2d6-c061-416a-a872-0de47f74c66d",
   "name": "scikit-learn_RandomForest",
   "description": "Scikit-learn RandomForestClassifier for Loan Application",
   "scoreCodeType": "python",
   "algorithm": "scikit-learn.RandomForestClassifier",
   "function": "classification",
   "modeler": "Thierry Jossermoz",
   "modelType": "python",
   "trainCodeType": "python",
   "trainTable": "cas-shared-default/SNOWDEMO/IDMMHMEQ_CUSTID",
   "eventProbVar": "P_1",
   "targetVariable": "DEFAULT",
   "targetEvent": "1",
   "targetLevel": "binary",
   "tool": "Python 3",
   "toolVersion": "3.11.5",
   "publishTimeStamp": 1714955364956,
   "modelVersionName": "12.1",
   "custom properties": []
}