{
  "creationTimeStamp" : "0001-01-01T00:00:00Z",
  "modifiedTimeStamp" : "0001-01-01T00:00:00Z",
  "revision" : 0,
  "name" : "dmcas_misc",
  "version" : 0,
  "order" : 0,
  "parameterMap" : {
    "CorrectText" : {
      "label" : "Status",
      "length" : 12,
      "order" : 8,
      "parameter" : "CorrectText",
      "preformatted" : false,
      "type" : "char",
      "values" : [ "CorrectText" ]
    },
    "Outcome" : {
      "label" : "Predicted Outcome",
      "length" : 256,
      "order" : 6,
      "parameter" : "Outcome",
      "preformatted" : false,
      "type" : "char",
      "values" : [ "Outcome" ]
    },
    "OutcomeText" : {
      "label" : "Predicted Outcome (Event/NonEvent)",
      "length" : 12,
      "order" : 7,
      "parameter" : "OutcomeText",
      "preformatted" : false,
      "type" : "char",
      "values" : [ "OutcomeText" ]
    },
    "Target" : {
      "label" : "Target",
      "length" : 256,
      "order" : 4,
      "parameter" : "Target",
      "preformatted" : false,
      "type" : "char",
      "values" : [ "Target" ]
    },
    "TargetText" : {
      "label" : "Target (Event/NonEvent)",
      "length" : 12,
      "order" : 5,
      "parameter" : "TargetText",
      "preformatted" : false,
      "type" : "char",
      "values" : [ "TargetText" ]
    },
    "_Count_" : {
      "label" : "Count",
      "length" : 8,
      "order" : 10,
      "parameter" : "_Count_",
      "preformatted" : false,
      "type" : "num",
      "values" : [ "_Count_" ]
    },
    "_DataRole_" : {
      "label" : "Data Role",
      "length" : 10,
      "order" : 11,
      "parameter" : "_DataRole_",
      "preformatted" : false,
      "type" : "char",
      "values" : [ "_DataRole_" ]
    },
    "_Percent_" : {
      "label" : "Percent",
      "length" : 8,
      "order" : 9,
      "parameter" : "_Percent_",
      "preformatted" : false,
      "type" : "num",
      "values" : [ "_Percent_" ]
    },
    "_TargetName_" : {
      "label" : "Target Name",
      "length" : 7,
      "order" : 1,
      "parameter" : "_TargetName_",
      "preformatted" : false,
      "type" : "char",
      "values" : [ "_TargetName_" ]
    },
    "_cutoffSource_" : {
      "label" : "Cutoff Source",
      "length" : 8,
      "order" : 3,
      "parameter" : "_cutoffSource_",
      "preformatted" : false,
      "type" : "char",
      "values" : [ "_cutoffSource_" ]
    },
    "_cutoff_" : {
      "label" : "Cutoff",
      "length" : 8,
      "order" : 2,
      "parameter" : "_cutoff_",
      "preformatted" : false,
      "type" : "num",
      "values" : [ "_cutoff_" ]
    }
  },
  "data" : [ {
    "dataMap" : {
      "CorrectText" : "CORRECT",
      "Outcome" : "           1",
      "OutcomeText" : "Event",
      "Target" : "           1",
      "TargetText" : "Event",
      "_Count_" : "19",
      "_DataRole_" : "TEST",
      "_Percent_" : "57.5757575758",
      "_TargetName_" : "Default",
      "_cutoffSource_" : "KS",
      "_cutoff_" : "0.16"
    },
    "rowNumber" : 1
  }, {
    "dataMap" : {
      "CorrectText" : "INCORRECT",
      "Outcome" : "           0",
      "OutcomeText" : "NEvent",
      "Target" : "           1",
      "TargetText" : "Event",
      "_Count_" : "14",
      "_DataRole_" : "TEST",
      "_Percent_" : "42.4242424242",
      "_TargetName_" : "Default",
      "_cutoffSource_" : "KS",
      "_cutoff_" : "0.16"
    },
    "rowNumber" : 2
  }, {
    "dataMap" : {
      "CorrectText" : "CORRECT",
      "Outcome" : "           0",
      "OutcomeText" : "NEvent",
      "Target" : "           0",
      "TargetText" : "NEvent",
      "_Count_" : "366",
      "_DataRole_" : "TEST",
      "_Percent_" : "93.8461538462",
      "_TargetName_" : "Default",
      "_cutoffSource_" : "KS",
      "_cutoff_" : "0.16"
    },
    "rowNumber" : 3
  }, {
    "dataMap" : {
      "CorrectText" : "INCORRECT",
      "Outcome" : "           1",
      "OutcomeText" : "Event",
      "Target" : "           0",
      "TargetText" : "NEvent",
      "_Count_" : "24",
      "_DataRole_" : "TEST",
      "_Percent_" : "6.15384615385",
      "_TargetName_" : "Default",
      "_cutoffSource_" : "KS",
      "_cutoff_" : "0.16"
    },
    "rowNumber" : 4
  }, {
    "dataMap" : {
      "CorrectText" : "CORRECT",
      "Outcome" : "           1",
      "OutcomeText" : "Event",
      "Target" : "           1",
      "TargetText" : "Event",
      "_Count_" : "8",
      "_DataRole_" : "TEST",
      "_Percent_" : "24.2424242424",
      "_TargetName_" : "Default",
      "_cutoffSource_" : "Default",
      "_cutoff_" : "0.5"
    },
    "rowNumber" : 5
  }, {
    "dataMap" : {
      "CorrectText" : "INCORRECT",
      "Outcome" : "           0",
      "OutcomeText" : "NEvent",
      "Target" : "           1",
      "TargetText" : "Event",
      "_Count_" : "25",
      "_DataRole_" : "TEST",
      "_Percent_" : "75.7575757576",
      "_TargetName_" : "Default",
      "_cutoffSource_" : "Default",
      "_cutoff_" : "0.5"
    },
    "rowNumber" : 6
  }, {
    "dataMap" : {
      "CorrectText" : "CORRECT",
      "Outcome" : "           0",
      "OutcomeText" : "NEvent",
      "Target" : "           0",
      "TargetText" : "NEvent",
      "_Count_" : "389",
      "_DataRole_" : "TEST",
      "_Percent_" : "99.7435897436",
      "_TargetName_" : "Default",
      "_cutoffSource_" : "Default",
      "_cutoff_" : "0.5"
    },
    "rowNumber" : 7
  }, {
    "dataMap" : {
      "CorrectText" : "INCORRECT",
      "Outcome" : "           1",
      "OutcomeText" : "Event",
      "Target" : "           0",
      "TargetText" : "NEvent",
      "_Count_" : "1",
      "_DataRole_" : "TEST",
      "_Percent_" : "0.25641025641",
      "_TargetName_" : "Default",
      "_cutoffSource_" : "Default",
      "_cutoff_" : "0.5"
    },
    "rowNumber" : 8
  }, {
    "dataMap" : {
      "CorrectText" : "CORRECT",
      "Outcome" : "           1",
      "OutcomeText" : "Event",
      "Target" : "           1",
      "TargetText" : "Event",
      "_Count_" : "164",
      "_DataRole_" : "TRAIN",
      "_Percent_" : "81.592039801",
      "_TargetName_" : "Default",
      "_cutoffSource_" : "KS",
      "_cutoff_" : "0.13"
    },
    "rowNumber" : 9
  }, {
    "dataMap" : {
      "CorrectText" : "INCORRECT",
      "Outcome" : "           0",
      "OutcomeText" : "NEvent",
      "Target" : "           1",
      "TargetText" : "Event",
      "_Count_" : "37",
      "_DataRole_" : "TRAIN",
      "_Percent_" : "18.407960199",
      "_TargetName_" : "Default",
      "_cutoffSource_" : "KS",
      "_cutoff_" : "0.13"
    },
    "rowNumber" : 10
  }, {
    "dataMap" : {
      "CorrectText" : "CORRECT",
      "Outcome" : "           0",
      "OutcomeText" : "NEvent",
      "Target" : "           0",
      "TargetText" : "NEvent",
      "_Count_" : "2245",
      "_DataRole_" : "TRAIN",
      "_Percent_" : "95.9811885421",
      "_TargetName_" : "Default",
      "_cutoffSource_" : "KS",
      "_cutoff_" : "0.13"
    },
    "rowNumber" : 11
  }, {
    "dataMap" : {
      "CorrectText" : "INCORRECT",
      "Outcome" : "           1",
      "OutcomeText" : "Event",
      "Target" : "           0",
      "TargetText" : "NEvent",
      "_Count_" : "94",
      "_DataRole_" : "TRAIN",
      "_Percent_" : "4.01881145789",
      "_TargetName_" : "Default",
      "_cutoffSource_" : "KS",
      "_cutoff_" : "0.13"
    },
    "rowNumber" : 12
  }, {
    "dataMap" : {
      "CorrectText" : "CORRECT",
      "Outcome" : "           1",
      "OutcomeText" : "Event",
      "Target" : "           1",
      "TargetText" : "Event",
      "_Count_" : "77",
      "_DataRole_" : "TRAIN",
      "_Percent_" : "38.3084577114",
      "_TargetName_" : "Default",
      "_cutoffSource_" : "Default",
      "_cutoff_" : "0.5"
    },
    "rowNumber" : 13
  }, {
    "dataMap" : {
      "CorrectText" : "INCORRECT",
      "Outcome" : "           0",
      "OutcomeText" : "NEvent",
      "Target" : "           1",
      "TargetText" : "Event",
      "_Count_" : "124",
      "_DataRole_" : "TRAIN",
      "_Percent_" : "61.6915422886",
      "_TargetName_" : "Default",
      "_cutoffSource_" : "Default",
      "_cutoff_" : "0.5"
    },
    "rowNumber" : 14
  }, {
    "dataMap" : {
      "CorrectText" : "CORRECT",
      "Outcome" : "           0",
      "OutcomeText" : "NEvent",
      "Target" : "           0",
      "TargetText" : "NEvent",
      "_Count_" : "2339",
      "_DataRole_" : "TRAIN",
      "_Percent_" : "100",
      "_TargetName_" : "Default",
      "_cutoffSource_" : "Default",
      "_cutoff_" : "0.5"
    },
    "rowNumber" : 15
  }, {
    "dataMap" : {
      "CorrectText" : "INCORRECT",
      "Outcome" : "           1",
      "OutcomeText" : "Event",
      "Target" : "           0",
      "TargetText" : "NEvent",
      "_Count_" : "0",
      "_DataRole_" : "TRAIN",
      "_Percent_" : "0",
      "_TargetName_" : "Default",
      "_cutoffSource_" : "Default",
      "_cutoff_" : "0.5"
    },
    "rowNumber" : 16
  }, {
    "dataMap" : {
      "CorrectText" : "CORRECT",
      "Outcome" : "           1",
      "OutcomeText" : "Event",
      "Target" : "           1",
      "TargetText" : "Event",
      "_Count_" : "70",
      "_DataRole_" : "VALIDATE",
      "_Percent_" : "70",
      "_TargetName_" : "Default",
      "_cutoffSource_" : "KS",
      "_cutoff_" : "0.09"
    },
    "rowNumber" : 17
  }, {
    "dataMap" : {
      "CorrectText" : "INCORRECT",
      "Outcome" : "           0",
      "OutcomeText" : "NEvent",
      "Target" : "           1",
      "TargetText" : "Event",
      "_Count_" : "30",
      "_DataRole_" : "VALIDATE",
      "_Percent_" : "30",
      "_TargetName_" : "Default",
      "_cutoffSource_" : "KS",
      "_cutoff_" : "0.09"
    },
    "rowNumber" : 18
  }, {
    "dataMap" : {
      "CorrectText" : "CORRECT",
      "Outcome" : "           0",
      "OutcomeText" : "NEvent",
      "Target" : "           0",
      "TargetText" : "NEvent",
      "_Count_" : "1009",
      "_DataRole_" : "VALIDATE",
      "_Percent_" : "86.3130881095",
      "_TargetName_" : "Default",
      "_cutoffSource_" : "KS",
      "_cutoff_" : "0.09"
    },
    "rowNumber" : 19
  }, {
    "dataMap" : {
      "CorrectText" : "INCORRECT",
      "Outcome" : "           1",
      "OutcomeText" : "Event",
      "Target" : "           0",
      "TargetText" : "NEvent",
      "_Count_" : "160",
      "_DataRole_" : "VALIDATE",
      "_Percent_" : "13.6869118905",
      "_TargetName_" : "Default",
      "_cutoffSource_" : "KS",
      "_cutoff_" : "0.09"
    },
    "rowNumber" : 20
  }, {
    "dataMap" : {
      "CorrectText" : "CORRECT",
      "Outcome" : "           1",
      "OutcomeText" : "Event",
      "Target" : "           1",
      "TargetText" : "Event",
      "_Count_" : "24",
      "_DataRole_" : "VALIDATE",
      "_Percent_" : "24",
      "_TargetName_" : "Default",
      "_cutoffSource_" : "Default",
      "_cutoff_" : "0.5"
    },
    "rowNumber" : 21
  }, {
    "dataMap" : {
      "CorrectText" : "INCORRECT",
      "Outcome" : "           0",
      "OutcomeText" : "NEvent",
      "Target" : "           1",
      "TargetText" : "Event",
      "_Count_" : "76",
      "_DataRole_" : "VALIDATE",
      "_Percent_" : "76",
      "_TargetName_" : "Default",
      "_cutoffSource_" : "Default",
      "_cutoff_" : "0.5"
    },
    "rowNumber" : 22
  }, {
    "dataMap" : {
      "CorrectText" : "CORRECT",
      "Outcome" : "           0",
      "OutcomeText" : "NEvent",
      "Target" : "           0",
      "TargetText" : "NEvent",
      "_Count_" : "1164",
      "_DataRole_" : "VALIDATE",
      "_Percent_" : "99.5722840034",
      "_TargetName_" : "Default",
      "_cutoffSource_" : "Default",
      "_cutoff_" : "0.5"
    },
    "rowNumber" : 23
  }, {
    "dataMap" : {
      "CorrectText" : "INCORRECT",
      "Outcome" : "           1",
      "OutcomeText" : "Event",
      "Target" : "           0",
      "TargetText" : "NEvent",
      "_Count_" : "5",
      "_DataRole_" : "VALIDATE",
      "_Percent_" : "0.427715996578",
      "_TargetName_" : "Default",
      "_cutoffSource_" : "Default",
      "_cutoff_" : "0.5"
    },
    "rowNumber" : 24
  } ],
  "xInteger" : false,
  "yInteger" : false
}