{
  "creationTimeStamp" : "0001-01-01T00:00:00Z",
  "modifiedTimeStamp" : "0001-01-01T00:00:00Z",
  "revision" : 0,
  "name" : "dmcas_lift",
  "version" : 0,
  "order" : 0,
  "parameterMap" : {
    "_Column_" : {
      "label" : "Analysis Variable",
      "length" : 10,
      "order" : 5,
      "parameter" : "_Column_",
      "preformatted" : false,
      "type" : "char",
      "values" : [ "_Column_" ]
    },
    "_CumLiftBest_" : {
      "label" : "Best Cumulative Lift",
      "length" : 8,
      "order" : 19,
      "parameter" : "_CumLiftBest_",
      "preformatted" : false,
      "type" : "num",
      "values" : [ "_CumLiftBest_" ]
    },
    "_CumLift_" : {
      "label" : "Cumulative Lift",
      "length" : 8,
      "order" : 18,
      "parameter" : "_CumLift_",
      "preformatted" : false,
      "type" : "num",
      "values" : [ "_CumLift_" ]
    },
    "_CumPctRespBest_" : {
      "label" : "Best Cumulative Response Percentage",
      "length" : 8,
      "order" : 23,
      "parameter" : "_CumPctRespBest_",
      "preformatted" : false,
      "type" : "num",
      "values" : [ "_CumPctRespBest_" ]
    },
    "_CumPctResp_" : {
      "label" : "Cumulative Response Percentage",
      "length" : 8,
      "order" : 22,
      "parameter" : "_CumPctResp_",
      "preformatted" : false,
      "type" : "num",
      "values" : [ "_CumPctResp_" ]
    },
    "_CumRespBest_" : {
      "label" : "Best Cumulative Captured Response Percentage",
      "length" : 8,
      "order" : 17,
      "parameter" : "_CumRespBest_",
      "preformatted" : false,
      "type" : "num",
      "values" : [ "_CumRespBest_" ]
    },
    "_CumResp_" : {
      "label" : "Cumulative Captured Response Percentage",
      "length" : 8,
      "order" : 16,
      "parameter" : "_CumResp_",
      "preformatted" : false,
      "type" : "num",
      "values" : [ "_CumResp_" ]
    },
    "_DataRole_" : {
      "label" : "Data Role",
      "length" : 10,
      "order" : 2,
      "parameter" : "_DataRole_",
      "preformatted" : false,
      "type" : "char",
      "values" : [ "_DataRole_" ]
    },
    "_Depth_" : {
      "label" : "Depth",
      "length" : 8,
      "order" : 7,
      "parameter" : "_Depth_",
      "preformatted" : false,
      "type" : "num",
      "values" : [ "_Depth_" ]
    },
    "_Event_" : {
      "label" : "Event",
      "length" : 12,
      "order" : 6,
      "parameter" : "_Event_",
      "preformatted" : false,
      "type" : "char",
      "values" : [ "_Event_" ]
    },
    "_GainBest_" : {
      "label" : "Best Gain",
      "length" : 8,
      "order" : 25,
      "parameter" : "_GainBest_",
      "preformatted" : false,
      "type" : "num",
      "values" : [ "_GainBest_" ]
    },
    "_Gain_" : {
      "label" : "Gain",
      "length" : 8,
      "order" : 24,
      "parameter" : "_Gain_",
      "preformatted" : false,
      "type" : "num",
      "values" : [ "_Gain_" ]
    },
    "_LiftBest_" : {
      "label" : "Best Lift",
      "length" : 8,
      "order" : 15,
      "parameter" : "_LiftBest_",
      "preformatted" : false,
      "type" : "num",
      "values" : [ "_LiftBest_" ]
    },
    "_Lift_" : {
      "label" : "Lift",
      "length" : 8,
      "order" : 14,
      "parameter" : "_Lift_",
      "preformatted" : false,
      "type" : "num",
      "values" : [ "_Lift_" ]
    },
    "_NEventsBest_" : {
      "label" : "Best Number of Events",
      "length" : 8,
      "order" : 11,
      "parameter" : "_NEventsBest_",
      "preformatted" : false,
      "type" : "num",
      "values" : [ "_NEventsBest_" ]
    },
    "_NEvents_" : {
      "label" : "Number of Events",
      "length" : 8,
      "order" : 10,
      "parameter" : "_NEvents_",
      "preformatted" : false,
      "type" : "num",
      "values" : [ "_NEvents_" ]
    },
    "_NObs_" : {
      "label" : "Number of Observations",
      "length" : 8,
      "order" : 9,
      "parameter" : "_NObs_",
      "preformatted" : false,
      "type" : "num",
      "values" : [ "_NObs_" ]
    },
    "_PartInd_" : {
      "label" : "Partition Indicator",
      "length" : 8,
      "order" : 3,
      "parameter" : "_PartInd_",
      "preformatted" : false,
      "type" : "num",
      "values" : [ "_PartInd_" ]
    },
    "_PctRespBest_" : {
      "label" : "Best Response Percentage",
      "length" : 8,
      "order" : 21,
      "parameter" : "_PctRespBest_",
      "preformatted" : false,
      "type" : "num",
      "values" : [ "_PctRespBest_" ]
    },
    "_PctResp_" : {
      "label" : "Response Percentage",
      "length" : 8,
      "order" : 20,
      "parameter" : "_PctResp_",
      "preformatted" : false,
      "type" : "num",
      "values" : [ "_PctResp_" ]
    },
    "_RespBest_" : {
      "label" : "Best Captured Response Percentage",
      "length" : 8,
      "order" : 13,
      "parameter" : "_RespBest_",
      "preformatted" : false,
      "type" : "num",
      "values" : [ "_RespBest_" ]
    },
    "_Resp_" : {
      "label" : "Captured Response Percentage",
      "length" : 8,
      "order" : 12,
      "parameter" : "_Resp_",
      "preformatted" : false,
      "type" : "num",
      "values" : [ "_Resp_" ]
    },
    "_TargetName_" : {
      "label" : "Target Name",
      "length" : 7,
      "order" : 1,
      "parameter" : "_TargetName_",
      "preformatted" : false,
      "type" : "char",
      "values" : [ "_TargetName_" ]
    },
    "_Value_" : {
      "label" : "Value",
      "length" : 8,
      "order" : 8,
      "parameter" : "_Value_",
      "preformatted" : false,
      "type" : "num",
      "values" : [ "_Value_" ]
    },
    "_formattedPartition_" : {
      "label" : "Formatted Partition",
      "length" : 12,
      "order" : 4,
      "parameter" : "_formattedPartition_",
      "preformatted" : false,
      "type" : "char",
      "values" : [ "_formattedPartition_" ]
    }
  },
  "data" : [ {
    "dataMap" : {
      "_Column_" : "P_Default1",
      "_CumRespBest_" : "0",
      "_CumResp_" : "0",
      "_DataRole_" : "VALIDATE",
      "_Depth_" : "0",
      "_Event_" : "           1",
      "_NEventsBest_" : "0",
      "_NEvents_" : "0",
      "_NObs_" : "0",
      "_PartInd_" : "0",
      "_RespBest_" : "0",
      "_Resp_" : "0",
      "_TargetName_" : "Default",
      "_Value_" : "0",
      "_formattedPartition_" : "           0"
    },
    "rowNumber" : 1
  }, {
    "dataMap" : {
      "_Column_" : "P_Default1",
      "_CumLiftBest_" : "12.8",
      "_CumLift_" : "8.2",
      "_CumPctRespBest_" : "100",
      "_CumPctResp_" : "64.0625",
      "_CumRespBest_" : "64",
      "_CumResp_" : "41",
      "_DataRole_" : "VALIDATE",
      "_Depth_" : "5",
      "_Event_" : "           1",
      "_GainBest_" : "11.8",
      "_Gain_" : "7.2",
      "_LiftBest_" : "12.8",
      "_Lift_" : "8.2",
      "_NEventsBest_" : "64",
      "_NEvents_" : "41",
      "_NObs_" : "64",
      "_PartInd_" : "0",
      "_PctRespBest_" : "100",
      "_PctResp_" : "64.0625",
      "_RespBest_" : "64",
      "_Resp_" : "41",
      "_TargetName_" : "Default",
      "_Value_" : "0.244333",
      "_formattedPartition_" : "           0"
    },
    "rowNumber" : 2
  }, {
    "dataMap" : {
      "_Column_" : "P_Default1",
      "_CumLiftBest_" : "10",
      "_CumLift_" : "5.5",
      "_CumPctRespBest_" : "78.125",
      "_CumPctResp_" : "42.96875",
      "_CumRespBest_" : "100",
      "_CumResp_" : "55",
      "_DataRole_" : "VALIDATE",
      "_Depth_" : "10",
      "_Event_" : "           1",
      "_GainBest_" : "9",
      "_Gain_" : "4.5",
      "_LiftBest_" : "7.2",
      "_Lift_" : "2.8",
      "_NEventsBest_" : "36",
      "_NEvents_" : "14",
      "_NObs_" : "64",
      "_PartInd_" : "0",
      "_PctRespBest_" : "56.25",
      "_PctResp_" : "21.875",
      "_RespBest_" : "36",
      "_Resp_" : "14",
      "_TargetName_" : "Default",
      "_Value_" : "0.14145",
      "_formattedPartition_" : "           0"
    },
    "rowNumber" : 3
  }, {
    "dataMap" : {
      "_Column_" : "P_Default1",
      "_CumLiftBest_" : "6.66666666667",
      "_CumLift_" : "4.26666666667",
      "_CumPctRespBest_" : "52.0833333333",
      "_CumPctResp_" : "33.3333333333",
      "_CumRespBest_" : "100",
      "_CumResp_" : "64",
      "_DataRole_" : "VALIDATE",
      "_Depth_" : "15",
      "_Event_" : "           1",
      "_GainBest_" : "5.66666666667",
      "_Gain_" : "3.26666666667",
      "_LiftBest_" : "0",
      "_Lift_" : "1.8",
      "_NEventsBest_" : "0",
      "_NEvents_" : "9",
      "_NObs_" : "64",
      "_PartInd_" : "0",
      "_PctRespBest_" : "0",
      "_PctResp_" : "14.0625",
      "_RespBest_" : "0",
      "_Resp_" : "9",
      "_TargetName_" : "Default",
      "_Value_" : "0.103333",
      "_formattedPartition_" : "           0"
    },
    "rowNumber" : 4
  }, {
    "dataMap" : {
      "_Column_" : "P_Default1",
      "_CumLiftBest_" : "5",
      "_CumLift_" : "3.6",
      "_CumPctRespBest_" : "39.2156862745",
      "_CumPctResp_" : "28.2352941176",
      "_CumRespBest_" : "100",
      "_CumResp_" : "72",
      "_DataRole_" : "VALIDATE",
      "_Depth_" : "20",
      "_Event_" : "           1",
      "_GainBest_" : "4",
      "_Gain_" : "2.6",
      "_LiftBest_" : "0",
      "_Lift_" : "1.6",
      "_NEventsBest_" : "0",
      "_NEvents_" : "8",
      "_NObs_" : "63",
      "_PartInd_" : "0",
      "_PctRespBest_" : "0",
      "_PctResp_" : "12.6984126984",
      "_RespBest_" : "0",
      "_Resp_" : "8",
      "_TargetName_" : "Default",
      "_Value_" : "0.0823272",
      "_formattedPartition_" : "           0"
    },
    "rowNumber" : 5
  }, {
    "dataMap" : {
      "_Column_" : "P_Default1",
      "_CumLiftBest_" : "4",
      "_CumLift_" : "3.04",
      "_CumPctRespBest_" : "31.3479623824",
      "_CumPctResp_" : "23.8244514107",
      "_CumRespBest_" : "100",
      "_CumResp_" : "76",
      "_DataRole_" : "VALIDATE",
      "_Depth_" : "25",
      "_Event_" : "           1",
      "_GainBest_" : "3",
      "_Gain_" : "2.04",
      "_LiftBest_" : "0",
      "_Lift_" : "0.8",
      "_NEventsBest_" : "0",
      "_NEvents_" : "4",
      "_NObs_" : "64",
      "_PartInd_" : "0",
      "_PctRespBest_" : "0",
      "_PctResp_" : "6.25",
      "_RespBest_" : "0",
      "_Resp_" : "4",
      "_TargetName_" : "Default",
      "_Value_" : "0.0690318",
      "_formattedPartition_" : "           0"
    },
    "rowNumber" : 6
  }, {
    "dataMap" : {
      "_Column_" : "P_Default1",
      "_CumLiftBest_" : "3.33333333333",
      "_CumLift_" : "2.56666666667",
      "_CumPctRespBest_" : "26.1096605744",
      "_CumPctResp_" : "20.1044386423",
      "_CumRespBest_" : "100",
      "_CumResp_" : "77",
      "_DataRole_" : "VALIDATE",
      "_Depth_" : "30",
      "_Event_" : "           1",
      "_GainBest_" : "2.33333333333",
      "_Gain_" : "1.56666666667",
      "_LiftBest_" : "0",
      "_Lift_" : "0.2",
      "_NEventsBest_" : "0",
      "_NEvents_" : "1",
      "_NObs_" : "64",
      "_PartInd_" : "0",
      "_PctRespBest_" : "0",
      "_PctResp_" : "1.5625",
      "_RespBest_" : "0",
      "_Resp_" : "1",
      "_TargetName_" : "Default",
      "_Value_" : "0.061541",
      "_formattedPartition_" : "           0"
    },
    "rowNumber" : 7
  }, {
    "dataMap" : {
      "_Column_" : "P_Default1",
      "_CumLiftBest_" : "2.85714285714",
      "_CumLift_" : "2.31428571429",
      "_CumPctRespBest_" : "22.3713646532",
      "_CumPctResp_" : "18.1208053691",
      "_CumRespBest_" : "100",
      "_CumResp_" : "81",
      "_DataRole_" : "VALIDATE",
      "_Depth_" : "35",
      "_Event_" : "           1",
      "_GainBest_" : "1.85714285714",
      "_Gain_" : "1.31428571429",
      "_LiftBest_" : "0",
      "_Lift_" : "0.8",
      "_NEventsBest_" : "0",
      "_NEvents_" : "4",
      "_NObs_" : "64",
      "_PartInd_" : "0",
      "_PctRespBest_" : "0",
      "_PctResp_" : "6.25",
      "_RespBest_" : "0",
      "_Resp_" : "4",
      "_TargetName_" : "Default",
      "_Value_" : "0.0555057",
      "_formattedPartition_" : "           0"
    },
    "rowNumber" : 8
  }, {
    "dataMap" : {
      "_Column_" : "P_Default1",
      "_CumLiftBest_" : "2.5",
      "_CumLift_" : "2.15",
      "_CumPctRespBest_" : "19.6463654224",
      "_CumPctResp_" : "16.8958742633",
      "_CumRespBest_" : "100",
      "_CumResp_" : "86",
      "_DataRole_" : "VALIDATE",
      "_Depth_" : "40",
      "_Event_" : "           1",
      "_GainBest_" : "1.5",
      "_Gain_" : "1.15",
      "_LiftBest_" : "0",
      "_Lift_" : "1",
      "_NEventsBest_" : "0",
      "_NEvents_" : "5",
      "_NObs_" : "62",
      "_PartInd_" : "0",
      "_PctRespBest_" : "0",
      "_PctResp_" : "8.06451612903",
      "_RespBest_" : "0",
      "_Resp_" : "5",
      "_TargetName_" : "Default",
      "_Value_" : "0.0488384",
      "_formattedPartition_" : "           0"
    },
    "rowNumber" : 9
  }, {
    "dataMap" : {
      "_Column_" : "P_Default1",
      "_CumLiftBest_" : "2.22222222222",
      "_CumLift_" : "2",
      "_CumPctRespBest_" : "17.4216027875",
      "_CumPctResp_" : "15.6794425087",
      "_CumRespBest_" : "100",
      "_CumResp_" : "90",
      "_DataRole_" : "VALIDATE",
      "_Depth_" : "45",
      "_Event_" : "           1",
      "_GainBest_" : "1.22222222222",
      "_Gain_" : "1",
      "_LiftBest_" : "0",
      "_Lift_" : "0.8",
      "_NEventsBest_" : "0",
      "_NEvents_" : "4",
      "_NObs_" : "65",
      "_PartInd_" : "0",
      "_PctRespBest_" : "0",
      "_PctResp_" : "6.15384615385",
      "_RespBest_" : "0",
      "_Resp_" : "4",
      "_TargetName_" : "Default",
      "_Value_" : "0.0443042",
      "_formattedPartition_" : "           0"
    },
    "rowNumber" : 10
  }, {
    "dataMap" : {
      "_Column_" : "P_Default1",
      "_CumLiftBest_" : "2",
      "_CumLift_" : "1.84",
      "_CumPctRespBest_" : "15.7232704403",
      "_CumPctResp_" : "14.465408805",
      "_CumRespBest_" : "100",
      "_CumResp_" : "92",
      "_DataRole_" : "VALIDATE",
      "_Depth_" : "50",
      "_Event_" : "           1",
      "_GainBest_" : "1",
      "_Gain_" : "0.84",
      "_LiftBest_" : "0",
      "_Lift_" : "0.4",
      "_NEventsBest_" : "0",
      "_NEvents_" : "2",
      "_NObs_" : "62",
      "_PartInd_" : "0",
      "_PctRespBest_" : "0",
      "_PctResp_" : "3.22580645161",
      "_RespBest_" : "0",
      "_Resp_" : "2",
      "_TargetName_" : "Default",
      "_Value_" : "0.0405894",
      "_formattedPartition_" : "           0"
    },
    "rowNumber" : 11
  }, {
    "dataMap" : {
      "_Column_" : "P_Default1",
      "_CumLiftBest_" : "1.81818181818",
      "_CumLift_" : "1.78181818182",
      "_CumPctRespBest_" : "14.3061516452",
      "_CumPctResp_" : "14.0200286123",
      "_CumRespBest_" : "100",
      "_CumResp_" : "98",
      "_DataRole_" : "VALIDATE",
      "_Depth_" : "55",
      "_Event_" : "           1",
      "_GainBest_" : "0.818181818182",
      "_Gain_" : "0.781818181818",
      "_LiftBest_" : "0",
      "_Lift_" : "1.2",
      "_NEventsBest_" : "0",
      "_NEvents_" : "6",
      "_NObs_" : "63",
      "_PartInd_" : "0",
      "_PctRespBest_" : "0",
      "_PctResp_" : "9.52380952381",
      "_RespBest_" : "0",
      "_Resp_" : "6",
      "_TargetName_" : "Default",
      "_Value_" : "0.0374171",
      "_formattedPartition_" : "           0"
    },
    "rowNumber" : 12
  }, {
    "dataMap" : {
      "_Column_" : "P_Default1",
      "_CumLiftBest_" : "1.66666666667",
      "_CumLift_" : "1.65",
      "_CumPctRespBest_" : "13.0548302872",
      "_CumPctResp_" : "12.9242819843",
      "_CumRespBest_" : "100",
      "_CumResp_" : "99",
      "_DataRole_" : "VALIDATE",
      "_Depth_" : "60",
      "_Event_" : "           1",
      "_GainBest_" : "0.666666666667",
      "_Gain_" : "0.65",
      "_LiftBest_" : "0",
      "_Lift_" : "0.2",
      "_NEventsBest_" : "0",
      "_NEvents_" : "1",
      "_NObs_" : "67",
      "_PartInd_" : "0",
      "_PctRespBest_" : "0",
      "_PctResp_" : "1.49253731343",
      "_RespBest_" : "0",
      "_Resp_" : "1",
      "_TargetName_" : "Default",
      "_Value_" : "0.0341939",
      "_formattedPartition_" : "           0"
    },
    "rowNumber" : 13
  }, {
    "dataMap" : {
      "_Column_" : "P_Default1",
      "_CumLiftBest_" : "1.53846153846",
      "_CumLift_" : "1.52307692308",
      "_CumPctRespBest_" : "12.0192307692",
      "_CumPctResp_" : "11.8990384615",
      "_CumRespBest_" : "100",
      "_CumResp_" : "99",
      "_DataRole_" : "VALIDATE",
      "_Depth_" : "65",
      "_Event_" : "           1",
      "_GainBest_" : "0.538461538462",
      "_Gain_" : "0.523076923077",
      "_LiftBest_" : "0",
      "_Lift_" : "0",
      "_NEventsBest_" : "0",
      "_NEvents_" : "0",
      "_NObs_" : "66",
      "_PartInd_" : "0",
      "_PctRespBest_" : "0",
      "_PctResp_" : "0",
      "_RespBest_" : "0",
      "_Resp_" : "0",
      "_TargetName_" : "Default",
      "_Value_" : "0.0311915",
      "_formattedPartition_" : "           0"
    },
    "rowNumber" : 14
  }, {
    "dataMap" : {
      "_Column_" : "P_Default1",
      "_CumLiftBest_" : "1.42857142857",
      "_CumLift_" : "1.41428571429",
      "_CumPctRespBest_" : "11.2359550562",
      "_CumPctResp_" : "11.1235955056",
      "_CumRespBest_" : "100",
      "_CumResp_" : "99",
      "_DataRole_" : "VALIDATE",
      "_Depth_" : "70",
      "_Event_" : "           1",
      "_GainBest_" : "0.428571428571",
      "_Gain_" : "0.414285714286",
      "_LiftBest_" : "0",
      "_Lift_" : "0",
      "_NEventsBest_" : "0",
      "_NEvents_" : "0",
      "_NObs_" : "58",
      "_PartInd_" : "0",
      "_PctRespBest_" : "0",
      "_PctResp_" : "0",
      "_RespBest_" : "0",
      "_Resp_" : "0",
      "_TargetName_" : "Default",
      "_Value_" : "0.0291847",
      "_formattedPartition_" : "           0"
    },
    "rowNumber" : 15
  }, {
    "dataMap" : {
      "_Column_" : "P_Default1",
      "_CumLiftBest_" : "1.33333333333",
      "_CumLift_" : "1.33333333333",
      "_CumPctRespBest_" : "10.4931794334",
      "_CumPctResp_" : "10.4931794334",
      "_CumRespBest_" : "100",
      "_CumResp_" : "100",
      "_DataRole_" : "VALIDATE",
      "_Depth_" : "75",
      "_Event_" : "           1",
      "_GainBest_" : "0.333333333333",
      "_Gain_" : "0.333333333333",
      "_LiftBest_" : "0",
      "_Lift_" : "0.2",
      "_NEventsBest_" : "0",
      "_NEvents_" : "1",
      "_NObs_" : "63",
      "_PartInd_" : "0",
      "_PctRespBest_" : "0",
      "_PctResp_" : "1.5873015873",
      "_RespBest_" : "0",
      "_Resp_" : "1",
      "_TargetName_" : "Default",
      "_Value_" : "0.0267757",
      "_formattedPartition_" : "           0"
    },
    "rowNumber" : 16
  }, {
    "dataMap" : {
      "_Column_" : "P_Default1",
      "_CumLiftBest_" : "1.25",
      "_CumLift_" : "1.25",
      "_CumPctRespBest_" : "9.83284169125",
      "_CumPctResp_" : "9.83284169125",
      "_CumRespBest_" : "100",
      "_CumResp_" : "100",
      "_DataRole_" : "VALIDATE",
      "_Depth_" : "80",
      "_Event_" : "           1",
      "_GainBest_" : "0.25",
      "_Gain_" : "0.25",
      "_LiftBest_" : "0",
      "_Lift_" : "0",
      "_NEventsBest_" : "0",
      "_NEvents_" : "0",
      "_NObs_" : "64",
      "_PartInd_" : "0",
      "_PctRespBest_" : "0",
      "_PctResp_" : "0",
      "_RespBest_" : "0",
      "_Resp_" : "0",
      "_TargetName_" : "Default",
      "_Value_" : "0.0250805",
      "_formattedPartition_" : "           0"
    },
    "rowNumber" : 17
  }, {
    "dataMap" : {
      "_Column_" : "P_Default1",
      "_CumLiftBest_" : "1.17647058824",
      "_CumLift_" : "1.17647058824",
      "_CumPctRespBest_" : "9.25925925926",
      "_CumPctResp_" : "9.25925925926",
      "_CumRespBest_" : "100",
      "_CumResp_" : "100",
      "_DataRole_" : "VALIDATE",
      "_Depth_" : "85",
      "_Event_" : "           1",
      "_GainBest_" : "0.176470588235",
      "_Gain_" : "0.176470588235",
      "_LiftBest_" : "0",
      "_Lift_" : "0",
      "_NEventsBest_" : "0",
      "_NEvents_" : "0",
      "_NObs_" : "63",
      "_PartInd_" : "0",
      "_PctRespBest_" : "0",
      "_PctResp_" : "0",
      "_RespBest_" : "0",
      "_Resp_" : "0",
      "_TargetName_" : "Default",
      "_Value_" : "0.0223015",
      "_formattedPartition_" : "           0"
    },
    "rowNumber" : 18
  }, {
    "dataMap" : {
      "_Column_" : "P_Default1",
      "_CumLiftBest_" : "1.11111111111",
      "_CumLift_" : "1.11111111111",
      "_CumPctRespBest_" : "8.68055555556",
      "_CumPctResp_" : "8.68055555556",
      "_CumRespBest_" : "100",
      "_CumResp_" : "100",
      "_DataRole_" : "VALIDATE",
      "_Depth_" : "90",
      "_Event_" : "           1",
      "_GainBest_" : "0.111111111111",
      "_Gain_" : "0.111111111111",
      "_LiftBest_" : "0",
      "_Lift_" : "0",
      "_NEventsBest_" : "0",
      "_NEvents_" : "0",
      "_NObs_" : "72",
      "_PartInd_" : "0",
      "_PctRespBest_" : "0",
      "_PctResp_" : "0",
      "_RespBest_" : "0",
      "_Resp_" : "0",
      "_TargetName_" : "Default",
      "_Value_" : "0.0198961",
      "_formattedPartition_" : "           0"
    },
    "rowNumber" : 19
  }, {
    "dataMap" : {
      "_Column_" : "P_Default1",
      "_CumLiftBest_" : "1.05263157895",
      "_CumLift_" : "1.05263157895",
      "_CumPctRespBest_" : "8.27814569536",
      "_CumPctResp_" : "8.27814569536",
      "_CumRespBest_" : "100",
      "_CumResp_" : "100",
      "_DataRole_" : "VALIDATE",
      "_Depth_" : "95",
      "_Event_" : "           1",
      "_GainBest_" : "0.0526315789474",
      "_Gain_" : "0.0526315789474",
      "_LiftBest_" : "0",
      "_Lift_" : "0",
      "_NEventsBest_" : "0",
      "_NEvents_" : "0",
      "_NObs_" : "56",
      "_PartInd_" : "0",
      "_PctRespBest_" : "0",
      "_PctResp_" : "0",
      "_RespBest_" : "0",
      "_Resp_" : "0",
      "_TargetName_" : "Default",
      "_Value_" : "0.0172907",
      "_formattedPartition_" : "           0"
    },
    "rowNumber" : 20
  }, {
    "dataMap" : {
      "_Column_" : "P_Default1",
      "_CumLiftBest_" : "1",
      "_CumLift_" : "1",
      "_CumPctRespBest_" : "7.88022064618",
      "_CumPctResp_" : "7.88022064618",
      "_CumRespBest_" : "100",
      "_CumResp_" : "100",
      "_DataRole_" : "VALIDATE",
      "_Depth_" : "100",
      "_Event_" : "           1",
      "_GainBest_" : "0",
      "_Gain_" : "0",
      "_LiftBest_" : "0",
      "_Lift_" : "0",
      "_NEventsBest_" : "0",
      "_NEvents_" : "0",
      "_NObs_" : "61",
      "_PartInd_" : "0",
      "_PctRespBest_" : "0",
      "_PctResp_" : "0",
      "_RespBest_" : "0",
      "_Resp_" : "0",
      "_TargetName_" : "Default",
      "_Value_" : "0.0102755",
      "_formattedPartition_" : "           0"
    },
    "rowNumber" : 21
  }, {
    "dataMap" : {
      "_Column_" : "P_Default1",
      "_CumRespBest_" : "0",
      "_CumResp_" : "0",
      "_DataRole_" : "TEST",
      "_Depth_" : "0",
      "_Event_" : "           1",
      "_NEventsBest_" : "0",
      "_NEvents_" : "0",
      "_NObs_" : "0",
      "_PartInd_" : "2",
      "_RespBest_" : "0",
      "_Resp_" : "0",
      "_TargetName_" : "Default",
      "_Value_" : "0",
      "_formattedPartition_" : "           2"
    },
    "rowNumber" : 22
  }, {
    "dataMap" : {
      "_Column_" : "P_Default1",
      "_CumLiftBest_" : "13.3333333333",
      "_CumLift_" : "7.87878787879",
      "_CumPctRespBest_" : "100",
      "_CumPctResp_" : "59.0909090909",
      "_CumRespBest_" : "66.6666666667",
      "_CumResp_" : "39.3939393939",
      "_DataRole_" : "TEST",
      "_Depth_" : "5",
      "_Event_" : "           1",
      "_GainBest_" : "12.3333333333",
      "_Gain_" : "6.87878787879",
      "_LiftBest_" : "13.3333333333",
      "_Lift_" : "7.87878787879",
      "_NEventsBest_" : "22",
      "_NEvents_" : "13",
      "_NObs_" : "22",
      "_PartInd_" : "2",
      "_PctRespBest_" : "100",
      "_PctResp_" : "59.0909090909",
      "_RespBest_" : "66.6666666667",
      "_Resp_" : "39.3939393939",
      "_TargetName_" : "Default",
      "_Value_" : "0.239207",
      "_formattedPartition_" : "           2"
    },
    "rowNumber" : 23
  }, {
    "dataMap" : {
      "_Column_" : "P_Default1",
      "_CumLiftBest_" : "10",
      "_CumLift_" : "5.75757575758",
      "_CumPctRespBest_" : "75",
      "_CumPctResp_" : "43.1818181818",
      "_CumRespBest_" : "100",
      "_CumResp_" : "57.5757575758",
      "_DataRole_" : "TEST",
      "_Depth_" : "10",
      "_Event_" : "           1",
      "_GainBest_" : "9",
      "_Gain_" : "4.75757575758",
      "_LiftBest_" : "6.66666666667",
      "_Lift_" : "3.63636363636",
      "_NEventsBest_" : "11",
      "_NEvents_" : "6",
      "_NObs_" : "22",
      "_PartInd_" : "2",
      "_PctRespBest_" : "50",
      "_PctResp_" : "27.2727272727",
      "_RespBest_" : "33.3333333333",
      "_Resp_" : "18.1818181818",
      "_TargetName_" : "Default",
      "_Value_" : "0.157601",
      "_formattedPartition_" : "           2"
    },
    "rowNumber" : 24
  }, {
    "dataMap" : {
      "_Column_" : "P_Default1",
      "_CumLiftBest_" : "6.66666666667",
      "_CumLift_" : "4.0404040404",
      "_CumPctRespBest_" : "50.7692307692",
      "_CumPctResp_" : "30.7692307692",
      "_CumRespBest_" : "100",
      "_CumResp_" : "60.6060606061",
      "_DataRole_" : "TEST",
      "_Depth_" : "15",
      "_Event_" : "           1",
      "_GainBest_" : "5.66666666667",
      "_Gain_" : "3.0404040404",
      "_LiftBest_" : "0",
      "_Lift_" : "0.606060606061",
      "_NEventsBest_" : "0",
      "_NEvents_" : "1",
      "_NObs_" : "21",
      "_PartInd_" : "2",
      "_PctRespBest_" : "0",
      "_PctResp_" : "4.7619047619",
      "_RespBest_" : "0",
      "_Resp_" : "3.0303030303",
      "_TargetName_" : "Default",
      "_Value_" : "0.119659",
      "_formattedPartition_" : "           2"
    },
    "rowNumber" : 25
  }, {
    "dataMap" : {
      "_Column_" : "P_Default1",
      "_CumLiftBest_" : "5",
      "_CumLift_" : "3.33333333333",
      "_CumPctRespBest_" : "38.3720930233",
      "_CumPctResp_" : "25.5813953488",
      "_CumRespBest_" : "100",
      "_CumResp_" : "66.6666666667",
      "_DataRole_" : "TEST",
      "_Depth_" : "20",
      "_Event_" : "           1",
      "_GainBest_" : "4",
      "_Gain_" : "2.33333333333",
      "_LiftBest_" : "0",
      "_Lift_" : "1.21212121212",
      "_NEventsBest_" : "0",
      "_NEvents_" : "2",
      "_NObs_" : "21",
      "_PartInd_" : "2",
      "_PctRespBest_" : "0",
      "_PctResp_" : "9.52380952381",
      "_RespBest_" : "0",
      "_Resp_" : "6.06060606061",
      "_TargetName_" : "Default",
      "_Value_" : "0.0834078",
      "_formattedPartition_" : "           2"
    },
    "rowNumber" : 26
  }, {
    "dataMap" : {
      "_Column_" : "P_Default1",
      "_CumLiftBest_" : "4",
      "_CumLift_" : "2.78787878788",
      "_CumPctRespBest_" : "30.8411214953",
      "_CumPctResp_" : "21.4953271028",
      "_CumRespBest_" : "100",
      "_CumResp_" : "69.696969697",
      "_DataRole_" : "TEST",
      "_Depth_" : "25",
      "_Event_" : "           1",
      "_GainBest_" : "3",
      "_Gain_" : "1.78787878788",
      "_LiftBest_" : "0",
      "_Lift_" : "0.606060606061",
      "_NEventsBest_" : "0",
      "_NEvents_" : "1",
      "_NObs_" : "21",
      "_PartInd_" : "2",
      "_PctRespBest_" : "0",
      "_PctResp_" : "4.7619047619",
      "_RespBest_" : "0",
      "_Resp_" : "3.0303030303",
      "_TargetName_" : "Default",
      "_Value_" : "0.0706393",
      "_formattedPartition_" : "           2"
    },
    "rowNumber" : 27
  }, {
    "dataMap" : {
      "_Column_" : "P_Default1",
      "_CumLiftBest_" : "3.33333333333",
      "_CumLift_" : "2.42424242424",
      "_CumPctRespBest_" : "25.78125",
      "_CumPctResp_" : "18.75",
      "_CumRespBest_" : "100",
      "_CumResp_" : "72.7272727273",
      "_DataRole_" : "TEST",
      "_Depth_" : "30",
      "_Event_" : "           1",
      "_GainBest_" : "2.33333333333",
      "_Gain_" : "1.42424242424",
      "_LiftBest_" : "0",
      "_Lift_" : "0.606060606061",
      "_NEventsBest_" : "0",
      "_NEvents_" : "1",
      "_NObs_" : "21",
      "_PartInd_" : "2",
      "_PctRespBest_" : "0",
      "_PctResp_" : "4.7619047619",
      "_RespBest_" : "0",
      "_Resp_" : "3.0303030303",
      "_TargetName_" : "Default",
      "_Value_" : "0.064151",
      "_formattedPartition_" : "           2"
    },
    "rowNumber" : 28
  }, {
    "dataMap" : {
      "_Column_" : "P_Default1",
      "_CumLiftBest_" : "2.85714285714",
      "_CumLift_" : "2.1645021645",
      "_CumPctRespBest_" : "22",
      "_CumPctResp_" : "16.6666666667",
      "_CumRespBest_" : "100",
      "_CumResp_" : "75.7575757576",
      "_DataRole_" : "TEST",
      "_Depth_" : "35",
      "_Event_" : "           1",
      "_GainBest_" : "1.85714285714",
      "_Gain_" : "1.1645021645",
      "_LiftBest_" : "0",
      "_Lift_" : "0.606060606061",
      "_NEventsBest_" : "0",
      "_NEvents_" : "1",
      "_NObs_" : "22",
      "_PartInd_" : "2",
      "_PctRespBest_" : "0",
      "_PctResp_" : "4.54545454545",
      "_RespBest_" : "0",
      "_Resp_" : "3.0303030303",
      "_TargetName_" : "Default",
      "_Value_" : "0.0562414",
      "_formattedPartition_" : "           2"
    },
    "rowNumber" : 29
  }, {
    "dataMap" : {
      "_Column_" : "P_Default1",
      "_CumLiftBest_" : "2.5",
      "_CumLift_" : "2.12121212121",
      "_CumPctRespBest_" : "19.0751445087",
      "_CumPctResp_" : "16.1849710983",
      "_CumRespBest_" : "100",
      "_CumResp_" : "84.8484848485",
      "_DataRole_" : "TEST",
      "_Depth_" : "40",
      "_Event_" : "           1",
      "_GainBest_" : "1.5",
      "_Gain_" : "1.12121212121",
      "_LiftBest_" : "0",
      "_Lift_" : "1.81818181818",
      "_NEventsBest_" : "0",
      "_NEvents_" : "3",
      "_NObs_" : "23",
      "_PartInd_" : "2",
      "_PctRespBest_" : "0",
      "_PctResp_" : "13.0434782609",
      "_RespBest_" : "0",
      "_Resp_" : "9.09090909091",
      "_TargetName_" : "Default",
      "_Value_" : "0.0477253",
      "_formattedPartition_" : "           2"
    },
    "rowNumber" : 30
  }, {
    "dataMap" : {
      "_Column_" : "P_Default1",
      "_CumLiftBest_" : "2.22222222222",
      "_CumLift_" : "1.88552188552",
      "_CumPctRespBest_" : "17.1875",
      "_CumPctResp_" : "14.5833333333",
      "_CumRespBest_" : "100",
      "_CumResp_" : "84.8484848485",
      "_DataRole_" : "TEST",
      "_Depth_" : "45",
      "_Event_" : "           1",
      "_GainBest_" : "1.22222222222",
      "_Gain_" : "0.885521885522",
      "_LiftBest_" : "0",
      "_Lift_" : "0",
      "_NEventsBest_" : "0",
      "_NEvents_" : "0",
      "_NObs_" : "19",
      "_PartInd_" : "2",
      "_PctRespBest_" : "0",
      "_PctResp_" : "0",
      "_RespBest_" : "0",
      "_Resp_" : "0",
      "_TargetName_" : "Default",
      "_Value_" : "0.0449337",
      "_formattedPartition_" : "           2"
    },
    "rowNumber" : 31
  }, {
    "dataMap" : {
      "_Column_" : "P_Default1",
      "_CumLiftBest_" : "2",
      "_CumLift_" : "1.75757575758",
      "_CumPctRespBest_" : "15.4929577465",
      "_CumPctResp_" : "13.6150234742",
      "_CumRespBest_" : "100",
      "_CumResp_" : "87.8787878788",
      "_DataRole_" : "TEST",
      "_Depth_" : "50",
      "_Event_" : "           1",
      "_GainBest_" : "1",
      "_Gain_" : "0.757575757576",
      "_LiftBest_" : "0",
      "_Lift_" : "0.606060606061",
      "_NEventsBest_" : "0",
      "_NEvents_" : "1",
      "_NObs_" : "21",
      "_PartInd_" : "2",
      "_PctRespBest_" : "0",
      "_PctResp_" : "4.7619047619",
      "_RespBest_" : "0",
      "_Resp_" : "3.0303030303",
      "_TargetName_" : "Default",
      "_Value_" : "0.0410029",
      "_formattedPartition_" : "           2"
    },
    "rowNumber" : 32
  }, {
    "dataMap" : {
      "_Column_" : "P_Default1",
      "_CumLiftBest_" : "1.81818181818",
      "_CumLift_" : "1.65289256198",
      "_CumPctRespBest_" : "14.1025641026",
      "_CumPctResp_" : "12.8205128205",
      "_CumRespBest_" : "100",
      "_CumResp_" : "90.9090909091",
      "_DataRole_" : "TEST",
      "_Depth_" : "55",
      "_Event_" : "           1",
      "_GainBest_" : "0.818181818182",
      "_Gain_" : "0.652892561983",
      "_LiftBest_" : "0",
      "_Lift_" : "0.606060606061",
      "_NEventsBest_" : "0",
      "_NEvents_" : "1",
      "_NObs_" : "21",
      "_PartInd_" : "2",
      "_PctRespBest_" : "0",
      "_PctResp_" : "4.7619047619",
      "_RespBest_" : "0",
      "_Resp_" : "3.0303030303",
      "_TargetName_" : "Default",
      "_Value_" : "0.0370567",
      "_formattedPartition_" : "           2"
    },
    "rowNumber" : 33
  }, {
    "dataMap" : {
      "_Column_" : "P_Default1",
      "_CumLiftBest_" : "1.66666666667",
      "_CumLift_" : "1.51515151515",
      "_CumPctRespBest_" : "12.890625",
      "_CumPctResp_" : "11.71875",
      "_CumRespBest_" : "100",
      "_CumResp_" : "90.9090909091",
      "_DataRole_" : "TEST",
      "_Depth_" : "60",
      "_Event_" : "           1",
      "_GainBest_" : "0.666666666667",
      "_Gain_" : "0.515151515152",
      "_LiftBest_" : "0",
      "_Lift_" : "0",
      "_NEventsBest_" : "0",
      "_NEvents_" : "0",
      "_NObs_" : "22",
      "_PartInd_" : "2",
      "_PctRespBest_" : "0",
      "_PctResp_" : "0",
      "_RespBest_" : "0",
      "_Resp_" : "0",
      "_TargetName_" : "Default",
      "_Value_" : "0.0346179",
      "_formattedPartition_" : "           2"
    },
    "rowNumber" : 34
  }, {
    "dataMap" : {
      "_Column_" : "P_Default1",
      "_CumLiftBest_" : "1.53846153846",
      "_CumLift_" : "1.44522144522",
      "_CumPctRespBest_" : "11.9565217391",
      "_CumPctResp_" : "11.231884058",
      "_CumRespBest_" : "100",
      "_CumResp_" : "93.9393939394",
      "_DataRole_" : "TEST",
      "_Depth_" : "65",
      "_Event_" : "           1",
      "_GainBest_" : "0.538461538462",
      "_Gain_" : "0.445221445221",
      "_LiftBest_" : "0",
      "_Lift_" : "0.606060606061",
      "_NEventsBest_" : "0",
      "_NEvents_" : "1",
      "_NObs_" : "20",
      "_PartInd_" : "2",
      "_PctRespBest_" : "0",
      "_PctResp_" : "5",
      "_RespBest_" : "0",
      "_Resp_" : "3.0303030303",
      "_TargetName_" : "Default",
      "_Value_" : "0.0315519",
      "_formattedPartition_" : "           2"
    },
    "rowNumber" : 35
  }, {
    "dataMap" : {
      "_Column_" : "P_Default1",
      "_CumLiftBest_" : "1.42857142857",
      "_CumLift_" : "1.34199134199",
      "_CumPctRespBest_" : "11.0738255034",
      "_CumPctResp_" : "10.4026845638",
      "_CumRespBest_" : "100",
      "_CumResp_" : "93.9393939394",
      "_DataRole_" : "TEST",
      "_Depth_" : "70",
      "_Event_" : "           1",
      "_GainBest_" : "0.428571428571",
      "_Gain_" : "0.341991341991",
      "_LiftBest_" : "0",
      "_Lift_" : "0",
      "_NEventsBest_" : "0",
      "_NEvents_" : "0",
      "_NObs_" : "22",
      "_PartInd_" : "2",
      "_PctRespBest_" : "0",
      "_PctResp_" : "0",
      "_RespBest_" : "0",
      "_Resp_" : "0",
      "_TargetName_" : "Default",
      "_Value_" : "0.0282847",
      "_formattedPartition_" : "           2"
    },
    "rowNumber" : 36
  }, {
    "dataMap" : {
      "_Column_" : "P_Default1",
      "_CumLiftBest_" : "1.33333333333",
      "_CumLift_" : "1.25252525253",
      "_CumPctRespBest_" : "10.3448275862",
      "_CumPctResp_" : "9.71786833856",
      "_CumRespBest_" : "100",
      "_CumResp_" : "93.9393939394",
      "_DataRole_" : "TEST",
      "_Depth_" : "75",
      "_Event_" : "           1",
      "_GainBest_" : "0.333333333333",
      "_Gain_" : "0.252525252525",
      "_LiftBest_" : "0",
      "_Lift_" : "0",
      "_NEventsBest_" : "0",
      "_NEvents_" : "0",
      "_NObs_" : "21",
      "_PartInd_" : "2",
      "_PctRespBest_" : "0",
      "_PctResp_" : "0",
      "_RespBest_" : "0",
      "_Resp_" : "0",
      "_TargetName_" : "Default",
      "_Value_" : "0.025574",
      "_formattedPartition_" : "           2"
    },
    "rowNumber" : 37
  }, {
    "dataMap" : {
      "_Column_" : "P_Default1",
      "_CumLiftBest_" : "1.25",
      "_CumLift_" : "1.17424242424",
      "_CumPctRespBest_" : "9.53757225434",
      "_CumPctResp_" : "8.95953757225",
      "_CumRespBest_" : "100",
      "_CumResp_" : "93.9393939394",
      "_DataRole_" : "TEST",
      "_Depth_" : "80",
      "_Event_" : "           1",
      "_GainBest_" : "0.25",
      "_Gain_" : "0.174242424242",
      "_LiftBest_" : "0",
      "_Lift_" : "0",
      "_NEventsBest_" : "0",
      "_NEvents_" : "0",
      "_NObs_" : "27",
      "_PartInd_" : "2",
      "_PctRespBest_" : "0",
      "_PctResp_" : "0",
      "_RespBest_" : "0",
      "_Resp_" : "0",
      "_TargetName_" : "Default",
      "_Value_" : "0.0239285",
      "_formattedPartition_" : "           2"
    },
    "rowNumber" : 38
  }, {
    "dataMap" : {
      "_Column_" : "P_Default1",
      "_CumLiftBest_" : "1.17647058824",
      "_CumLift_" : "1.14081996435",
      "_CumPctRespBest_" : "9.11602209945",
      "_CumPctResp_" : "8.83977900552",
      "_CumRespBest_" : "100",
      "_CumResp_" : "96.9696969697",
      "_DataRole_" : "TEST",
      "_Depth_" : "85",
      "_Event_" : "           1",
      "_GainBest_" : "0.176470588235",
      "_Gain_" : "0.140819964349",
      "_LiftBest_" : "0",
      "_Lift_" : "0.606060606061",
      "_NEventsBest_" : "0",
      "_NEvents_" : "1",
      "_NObs_" : "16",
      "_PartInd_" : "2",
      "_PctRespBest_" : "0",
      "_PctResp_" : "6.25",
      "_RespBest_" : "0",
      "_Resp_" : "3.0303030303",
      "_TargetName_" : "Default",
      "_Value_" : "0.022084",
      "_formattedPartition_" : "           2"
    },
    "rowNumber" : 39
  }, {
    "dataMap" : {
      "_Column_" : "P_Default1",
      "_CumLiftBest_" : "1.11111111111",
      "_CumLift_" : "1.07744107744",
      "_CumPctRespBest_" : "8.6387434555",
      "_CumPctResp_" : "8.37696335079",
      "_CumRespBest_" : "100",
      "_CumResp_" : "96.9696969697",
      "_DataRole_" : "TEST",
      "_Depth_" : "90",
      "_Event_" : "           1",
      "_GainBest_" : "0.111111111111",
      "_Gain_" : "0.0774410774411",
      "_LiftBest_" : "0",
      "_Lift_" : "0",
      "_NEventsBest_" : "0",
      "_NEvents_" : "0",
      "_NObs_" : "20",
      "_PartInd_" : "2",
      "_PctRespBest_" : "0",
      "_PctResp_" : "0",
      "_RespBest_" : "0",
      "_Resp_" : "0",
      "_TargetName_" : "Default",
      "_Value_" : "0.0198961",
      "_formattedPartition_" : "           2"
    },
    "rowNumber" : 40
  }, {
    "dataMap" : {
      "_Column_" : "P_Default1",
      "_CumLiftBest_" : "1.05263157895",
      "_CumLift_" : "1.02073365231",
      "_CumPctRespBest_" : "8.18858560794",
      "_CumPctResp_" : "7.94044665012",
      "_CumRespBest_" : "100",
      "_CumResp_" : "96.9696969697",
      "_DataRole_" : "TEST",
      "_Depth_" : "95",
      "_Event_" : "           1",
      "_GainBest_" : "0.0526315789474",
      "_Gain_" : "0.0207336523126",
      "_LiftBest_" : "0",
      "_Lift_" : "0",
      "_NEventsBest_" : "0",
      "_NEvents_" : "0",
      "_NObs_" : "21",
      "_PartInd_" : "2",
      "_PctRespBest_" : "0",
      "_PctResp_" : "0",
      "_RespBest_" : "0",
      "_Resp_" : "0",
      "_TargetName_" : "Default",
      "_Value_" : "0.0172931",
      "_formattedPartition_" : "           2"
    },
    "rowNumber" : 41
  }, {
    "dataMap" : {
      "_Column_" : "P_Default1",
      "_CumLiftBest_" : "1",
      "_CumLift_" : "1",
      "_CumPctRespBest_" : "7.80141843972",
      "_CumPctResp_" : "7.80141843972",
      "_CumRespBest_" : "100",
      "_CumResp_" : "100",
      "_DataRole_" : "TEST",
      "_Depth_" : "100",
      "_Event_" : "           1",
      "_GainBest_" : "0",
      "_Gain_" : "0",
      "_LiftBest_" : "0",
      "_Lift_" : "0.606060606061",
      "_NEventsBest_" : "0",
      "_NEvents_" : "1",
      "_NObs_" : "20",
      "_PartInd_" : "2",
      "_PctRespBest_" : "0",
      "_PctResp_" : "5",
      "_RespBest_" : "0",
      "_Resp_" : "3.0303030303",
      "_TargetName_" : "Default",
      "_Value_" : "0.0128465",
      "_formattedPartition_" : "           2"
    },
    "rowNumber" : 42
  }, {
    "dataMap" : {
      "_Column_" : "P_Default1",
      "_CumRespBest_" : "0",
      "_CumResp_" : "0",
      "_DataRole_" : "TRAIN",
      "_Depth_" : "0",
      "_Event_" : "           1",
      "_NEventsBest_" : "0",
      "_NEvents_" : "0",
      "_NObs_" : "0",
      "_PartInd_" : "1",
      "_RespBest_" : "0",
      "_Resp_" : "0",
      "_TargetName_" : "Default",
      "_Value_" : "0",
      "_formattedPartition_" : "           1"
    },
    "rowNumber" : 43
  }, {
    "dataMap" : {
      "_Column_" : "P_Default1",
      "_CumLiftBest_" : "12.6368159204",
      "_CumLift_" : "12.2388059701",
      "_CumPctRespBest_" : "100",
      "_CumPctResp_" : "96.8503937008",
      "_CumRespBest_" : "63.184079602",
      "_CumResp_" : "61.1940298507",
      "_DataRole_" : "TRAIN",
      "_Depth_" : "5",
      "_Event_" : "           1",
      "_GainBest_" : "11.6368159204",
      "_Gain_" : "11.2388059701",
      "_LiftBest_" : "12.6368159204",
      "_Lift_" : "12.2388059701",
      "_NEventsBest_" : "127",
      "_NEvents_" : "123",
      "_NObs_" : "127",
      "_PartInd_" : "1",
      "_PctRespBest_" : "100",
      "_PctResp_" : "96.8503937008",
      "_RespBest_" : "63.184079602",
      "_Resp_" : "61.1940298507",
      "_TargetName_" : "Default",
      "_Value_" : "0.266962",
      "_formattedPartition_" : "           1"
    },
    "rowNumber" : 44
  }, {
    "dataMap" : {
      "_Column_" : "P_Default1",
      "_CumLiftBest_" : "10",
      "_CumLift_" : "8.05970149254",
      "_CumPctRespBest_" : "79.1338582677",
      "_CumPctResp_" : "63.7795275591",
      "_CumRespBest_" : "100",
      "_CumResp_" : "80.5970149254",
      "_DataRole_" : "TRAIN",
      "_Depth_" : "10",
      "_Event_" : "           1",
      "_GainBest_" : "9",
      "_Gain_" : "7.05970149254",
      "_LiftBest_" : "7.3631840796",
      "_Lift_" : "3.88059701493",
      "_NEventsBest_" : "74",
      "_NEvents_" : "39",
      "_NObs_" : "127",
      "_PartInd_" : "1",
      "_PctRespBest_" : "58.2677165354",
      "_PctResp_" : "30.7086614173",
      "_RespBest_" : "36.815920398",
      "_Resp_" : "19.4029850746",
      "_TargetName_" : "Default",
      "_Value_" : "0.130585",
      "_formattedPartition_" : "           1"
    },
    "rowNumber" : 45
  }, {
    "dataMap" : {
      "_Column_" : "P_Default1",
      "_CumLiftBest_" : "6.66666666667",
      "_CumLift_" : "5.67164179104",
      "_CumPctRespBest_" : "52.7559055118",
      "_CumPctResp_" : "44.8818897638",
      "_CumRespBest_" : "100",
      "_CumResp_" : "85.0746268657",
      "_DataRole_" : "TRAIN",
      "_Depth_" : "15",
      "_Event_" : "           1",
      "_GainBest_" : "5.66666666667",
      "_Gain_" : "4.67164179104",
      "_LiftBest_" : "0",
      "_Lift_" : "0.89552238806",
      "_NEventsBest_" : "0",
      "_NEvents_" : "9",
      "_NObs_" : "127",
      "_PartInd_" : "1",
      "_PctRespBest_" : "0",
      "_PctResp_" : "7.08661417323",
      "_RespBest_" : "0",
      "_Resp_" : "4.4776119403",
      "_TargetName_" : "Default",
      "_Value_" : "0.0976968",
      "_formattedPartition_" : "           1"
    },
    "rowNumber" : 46
  }, {
    "dataMap" : {
      "_Column_" : "P_Default1",
      "_CumLiftBest_" : "5",
      "_CumLift_" : "4.42786069652",
      "_CumPctRespBest_" : "39.5669291339",
      "_CumPctResp_" : "35.0393700787",
      "_CumRespBest_" : "100",
      "_CumResp_" : "88.5572139303",
      "_DataRole_" : "TRAIN",
      "_Depth_" : "20",
      "_Event_" : "           1",
      "_GainBest_" : "4",
      "_Gain_" : "3.42786069652",
      "_LiftBest_" : "0",
      "_Lift_" : "0.696517412935",
      "_NEventsBest_" : "0",
      "_NEvents_" : "7",
      "_NObs_" : "127",
      "_PartInd_" : "1",
      "_PctRespBest_" : "0",
      "_PctResp_" : "5.51181102362",
      "_RespBest_" : "0",
      "_Resp_" : "3.48258706468",
      "_TargetName_" : "Default",
      "_Value_" : "0.0772651",
      "_formattedPartition_" : "           1"
    },
    "rowNumber" : 47
  }, {
    "dataMap" : {
      "_Column_" : "P_Default1",
      "_CumLiftBest_" : "4",
      "_CumLift_" : "3.6815920398",
      "_CumPctRespBest_" : "31.6535433071",
      "_CumPctResp_" : "29.1338582677",
      "_CumRespBest_" : "100",
      "_CumResp_" : "92.039800995",
      "_DataRole_" : "TRAIN",
      "_Depth_" : "25",
      "_Event_" : "           1",
      "_GainBest_" : "3",
      "_Gain_" : "2.6815920398",
      "_LiftBest_" : "0",
      "_Lift_" : "0.696517412935",
      "_NEventsBest_" : "0",
      "_NEvents_" : "7",
      "_NObs_" : "127",
      "_PartInd_" : "1",
      "_PctRespBest_" : "0",
      "_PctResp_" : "5.51181102362",
      "_RespBest_" : "0",
      "_Resp_" : "3.48258706468",
      "_TargetName_" : "Default",
      "_Value_" : "0.0674487",
      "_formattedPartition_" : "           1"
    },
    "rowNumber" : 48
  }, {
    "dataMap" : {
      "_Column_" : "P_Default1",
      "_CumLiftBest_" : "3.33333333333",
      "_CumLift_" : "3.11774461028",
      "_CumPctRespBest_" : "26.3779527559",
      "_CumPctResp_" : "24.6719160105",
      "_CumRespBest_" : "100",
      "_CumResp_" : "93.5323383085",
      "_DataRole_" : "TRAIN",
      "_Depth_" : "30",
      "_Event_" : "           1",
      "_GainBest_" : "2.33333333333",
      "_Gain_" : "2.11774461028",
      "_LiftBest_" : "0",
      "_Lift_" : "0.298507462687",
      "_NEventsBest_" : "0",
      "_NEvents_" : "3",
      "_NObs_" : "127",
      "_PartInd_" : "1",
      "_PctRespBest_" : "0",
      "_PctResp_" : "2.36220472441",
      "_RespBest_" : "0",
      "_Resp_" : "1.49253731343",
      "_TargetName_" : "Default",
      "_Value_" : "0.0609644",
      "_formattedPartition_" : "           1"
    },
    "rowNumber" : 49
  }, {
    "dataMap" : {
      "_Column_" : "P_Default1",
      "_CumLiftBest_" : "2.85714285714",
      "_CumLift_" : "2.6723525231",
      "_CumPctRespBest_" : "22.6096737908",
      "_CumPctResp_" : "21.1473565804",
      "_CumRespBest_" : "100",
      "_CumResp_" : "93.5323383085",
      "_DataRole_" : "TRAIN",
      "_Depth_" : "35",
      "_Event_" : "           1",
      "_GainBest_" : "1.85714285714",
      "_Gain_" : "1.6723525231",
      "_LiftBest_" : "0",
      "_Lift_" : "0",
      "_NEventsBest_" : "0",
      "_NEvents_" : "0",
      "_NObs_" : "127",
      "_PartInd_" : "1",
      "_PctRespBest_" : "0",
      "_PctResp_" : "0",
      "_RespBest_" : "0",
      "_Resp_" : "0",
      "_TargetName_" : "Default",
      "_Value_" : "0.0553993",
      "_formattedPartition_" : "           1"
    },
    "rowNumber" : 50
  }, {
    "dataMap" : {
      "_Column_" : "P_Default1",
      "_CumLiftBest_" : "2.5",
      "_CumLift_" : "2.33830845771",
      "_CumPctRespBest_" : "19.7834645669",
      "_CumPctResp_" : "18.5039370079",
      "_CumRespBest_" : "100",
      "_CumResp_" : "93.5323383085",
      "_DataRole_" : "TRAIN",
      "_Depth_" : "40",
      "_Event_" : "           1",
      "_GainBest_" : "1.5",
      "_Gain_" : "1.33830845771",
      "_LiftBest_" : "0",
      "_Lift_" : "0",
      "_NEventsBest_" : "0",
      "_NEvents_" : "0",
      "_NObs_" : "127",
      "_PartInd_" : "1",
      "_PctRespBest_" : "0",
      "_PctResp_" : "0",
      "_RespBest_" : "0",
      "_Resp_" : "0",
      "_TargetName_" : "Default",
      "_Value_" : "0.0485559",
      "_formattedPartition_" : "           1"
    },
    "rowNumber" : 51
  }, {
    "dataMap" : {
      "_Column_" : "P_Default1",
      "_CumLiftBest_" : "2.22222222222",
      "_CumLift_" : "2.11166390271",
      "_CumPctRespBest_" : "17.5853018373",
      "_CumPctResp_" : "16.7104111986",
      "_CumRespBest_" : "100",
      "_CumResp_" : "95.0248756219",
      "_DataRole_" : "TRAIN",
      "_Depth_" : "45",
      "_Event_" : "           1",
      "_GainBest_" : "1.22222222222",
      "_Gain_" : "1.11166390271",
      "_LiftBest_" : "0",
      "_Lift_" : "0.298507462687",
      "_NEventsBest_" : "0",
      "_NEvents_" : "3",
      "_NObs_" : "127",
      "_PartInd_" : "1",
      "_PctRespBest_" : "0",
      "_PctResp_" : "2.36220472441",
      "_RespBest_" : "0",
      "_Resp_" : "1.49253731343",
      "_TargetName_" : "Default",
      "_Value_" : "0.0446927",
      "_formattedPartition_" : "           1"
    },
    "rowNumber" : 52
  }, {
    "dataMap" : {
      "_Column_" : "P_Default1",
      "_CumLiftBest_" : "2",
      "_CumLift_" : "1.91044776119",
      "_CumPctRespBest_" : "15.8267716535",
      "_CumPctResp_" : "15.1181102362",
      "_CumRespBest_" : "100",
      "_CumResp_" : "95.5223880597",
      "_DataRole_" : "TRAIN",
      "_Depth_" : "50",
      "_Event_" : "           1",
      "_GainBest_" : "1",
      "_Gain_" : "0.910447761194",
      "_LiftBest_" : "0",
      "_Lift_" : "0.0995024875622",
      "_NEventsBest_" : "0",
      "_NEvents_" : "1",
      "_NObs_" : "127",
      "_PartInd_" : "1",
      "_PctRespBest_" : "0",
      "_PctResp_" : "0.787401574803",
      "_RespBest_" : "0",
      "_Resp_" : "0.497512437811",
      "_TargetName_" : "Default",
      "_Value_" : "0.0413298",
      "_formattedPartition_" : "           1"
    },
    "rowNumber" : 53
  }, {
    "dataMap" : {
      "_Column_" : "P_Default1",
      "_CumLiftBest_" : "1.81818181818",
      "_CumLift_" : "1.75486205337",
      "_CumPctRespBest_" : "14.3879742305",
      "_CumPctResp_" : "13.8869005011",
      "_CumRespBest_" : "100",
      "_CumResp_" : "96.5174129353",
      "_DataRole_" : "TRAIN",
      "_Depth_" : "55",
      "_Event_" : "           1",
      "_GainBest_" : "0.818181818182",
      "_Gain_" : "0.75486205337",
      "_LiftBest_" : "0",
      "_Lift_" : "0.199004975124",
      "_NEventsBest_" : "0",
      "_NEvents_" : "2",
      "_NObs_" : "127",
      "_PartInd_" : "1",
      "_PctRespBest_" : "0",
      "_PctResp_" : "1.57480314961",
      "_RespBest_" : "0",
      "_Resp_" : "0.995024875622",
      "_TargetName_" : "Default",
      "_Value_" : "0.0374903",
      "_formattedPartition_" : "           1"
    },
    "rowNumber" : 54
  }, {
    "dataMap" : {
      "_Column_" : "P_Default1",
      "_CumLiftBest_" : "1.66666666667",
      "_CumLift_" : "1.61691542289",
      "_CumPctRespBest_" : "13.188976378",
      "_CumPctResp_" : "12.7952755906",
      "_CumRespBest_" : "100",
      "_CumResp_" : "97.0149253731",
      "_DataRole_" : "TRAIN",
      "_Depth_" : "60",
      "_Event_" : "           1",
      "_GainBest_" : "0.666666666667",
      "_Gain_" : "0.616915422886",
      "_LiftBest_" : "0",
      "_Lift_" : "0.0995024875622",
      "_NEventsBest_" : "0",
      "_NEvents_" : "1",
      "_NObs_" : "127",
      "_PartInd_" : "1",
      "_PctRespBest_" : "0",
      "_PctResp_" : "0.787401574803",
      "_RespBest_" : "0",
      "_Resp_" : "0.497512437811",
      "_TargetName_" : "Default",
      "_Value_" : "0.0341939",
      "_formattedPartition_" : "           1"
    },
    "rowNumber" : 55
  }, {
    "dataMap" : {
      "_Column_" : "P_Default1",
      "_CumLiftBest_" : "1.53846153846",
      "_CumLift_" : "1.50906307623",
      "_CumPctRespBest_" : "12.1744397335",
      "_CumPctResp_" : "11.9417983591",
      "_CumRespBest_" : "100",
      "_CumResp_" : "98.0890999548",
      "_DataRole_" : "TRAIN",
      "_Depth_" : "65",
      "_Event_" : "           1",
      "_GainBest_" : "0.538461538462",
      "_Gain_" : "0.509063076227",
      "_LiftBest_" : "0",
      "_Lift_" : "0.214834916327",
      "_NEventsBest_" : "0",
      "_NEvents_" : "2.15909090909",
      "_NObs_" : "127",
      "_PartInd_" : "1",
      "_PctRespBest_" : "0",
      "_PctResp_" : "1.70007158196",
      "_RespBest_" : "0",
      "_Resp_" : "1.07417458164",
      "_TargetName_" : "Default",
      "_Value_" : "0.0311915",
      "_formattedPartition_" : "           1"
    },
    "rowNumber" : 56
  }, {
    "dataMap" : {
      "_Column_" : "P_Default1",
      "_CumLiftBest_" : "1.42857142857",
      "_CumLift_" : "1.41435678749",
      "_CumPctRespBest_" : "11.3048368954",
      "_CumPctResp_" : "11.1923509561",
      "_CumRespBest_" : "100",
      "_CumResp_" : "99.0049751244",
      "_DataRole_" : "TRAIN",
      "_Depth_" : "70",
      "_Event_" : "           1",
      "_GainBest_" : "0.428571428571",
      "_Gain_" : "0.414356787491",
      "_LiftBest_" : "0",
      "_Lift_" : "0.183175033921",
      "_NEventsBest_" : "0",
      "_NEvents_" : "1.84090909091",
      "_NObs_" : "127",
      "_PartInd_" : "1",
      "_PctRespBest_" : "0",
      "_PctResp_" : "1.44953471725",
      "_RespBest_" : "0",
      "_Resp_" : "0.915875169607",
      "_TargetName_" : "Default",
      "_Value_" : "0.0289468",
      "_formattedPartition_" : "           1"
    },
    "rowNumber" : 57
  }, {
    "dataMap" : {
      "_Column_" : "P_Default1",
      "_CumLiftBest_" : "1.33333333333",
      "_CumLift_" : "1.32006633499",
      "_CumPctRespBest_" : "10.5511811024",
      "_CumPctResp_" : "10.4461942257",
      "_CumRespBest_" : "100",
      "_CumResp_" : "99.0049751244",
      "_DataRole_" : "TRAIN",
      "_Depth_" : "75",
      "_Event_" : "           1",
      "_GainBest_" : "0.333333333333",
      "_Gain_" : "0.320066334992",
      "_LiftBest_" : "0",
      "_Lift_" : "0",
      "_NEventsBest_" : "0",
      "_NEvents_" : "0",
      "_NObs_" : "127",
      "_PartInd_" : "1",
      "_PctRespBest_" : "0",
      "_PctResp_" : "0",
      "_RespBest_" : "0",
      "_Resp_" : "0",
      "_TargetName_" : "Default",
      "_Value_" : "0.0265434",
      "_formattedPartition_" : "           1"
    },
    "rowNumber" : 58
  }, {
    "dataMap" : {
      "_Column_" : "P_Default1",
      "_CumLiftBest_" : "1.25",
      "_CumLift_" : "1.24378109453",
      "_CumPctRespBest_" : "9.89173228346",
      "_CumPctResp_" : "9.84251968504",
      "_CumRespBest_" : "100",
      "_CumResp_" : "99.5024875622",
      "_DataRole_" : "TRAIN",
      "_Depth_" : "80",
      "_Event_" : "           1",
      "_GainBest_" : "0.25",
      "_Gain_" : "0.243781094527",
      "_LiftBest_" : "0",
      "_Lift_" : "0.0995024875622",
      "_NEventsBest_" : "0",
      "_NEvents_" : "1",
      "_NObs_" : "127",
      "_PartInd_" : "1",
      "_PctRespBest_" : "0",
      "_PctResp_" : "0.787401574803",
      "_RespBest_" : "0",
      "_Resp_" : "0.497512437811",
      "_TargetName_" : "Default",
      "_Value_" : "0.0241997",
      "_formattedPartition_" : "           1"
    },
    "rowNumber" : 59
  }, {
    "dataMap" : {
      "_Column_" : "P_Default1",
      "_CumLiftBest_" : "1.17647058824",
      "_CumLift_" : "1.17061750073",
      "_CumPctRespBest_" : "9.30986567855",
      "_CumPctResp_" : "9.26354793886",
      "_CumRespBest_" : "100",
      "_CumResp_" : "99.5024875622",
      "_DataRole_" : "TRAIN",
      "_Depth_" : "85",
      "_Event_" : "           1",
      "_GainBest_" : "0.176470588235",
      "_Gain_" : "0.170617500732",
      "_LiftBest_" : "0",
      "_Lift_" : "0",
      "_NEventsBest_" : "0",
      "_NEvents_" : "0",
      "_NObs_" : "127",
      "_PartInd_" : "1",
      "_PctRespBest_" : "0",
      "_PctResp_" : "0",
      "_RespBest_" : "0",
      "_Resp_" : "0",
      "_TargetName_" : "Default",
      "_Value_" : "0.02211",
      "_formattedPartition_" : "           1"
    },
    "rowNumber" : 60
  }, {
    "dataMap" : {
      "_Column_" : "P_Default1",
      "_CumLiftBest_" : "1.11111111111",
      "_CumLift_" : "1.11111111111",
      "_CumPctRespBest_" : "8.79265091864",
      "_CumPctResp_" : "8.79265091864",
      "_CumRespBest_" : "100",
      "_CumResp_" : "100",
      "_DataRole_" : "TRAIN",
      "_Depth_" : "90",
      "_Event_" : "           1",
      "_GainBest_" : "0.111111111111",
      "_Gain_" : "0.111111111111",
      "_LiftBest_" : "0",
      "_Lift_" : "0.0995024875622",
      "_NEventsBest_" : "0",
      "_NEvents_" : "1",
      "_NObs_" : "127",
      "_PartInd_" : "1",
      "_PctRespBest_" : "0",
      "_PctResp_" : "0.787401574803",
      "_RespBest_" : "0",
      "_Resp_" : "0.497512437811",
      "_TargetName_" : "Default",
      "_Value_" : "0.0198961",
      "_formattedPartition_" : "           1"
    },
    "rowNumber" : 61
  }, {
    "dataMap" : {
      "_Column_" : "P_Default1",
      "_CumLiftBest_" : "1.05263157895",
      "_CumLift_" : "1.05263157895",
      "_CumPctRespBest_" : "8.32987981765",
      "_CumPctResp_" : "8.32987981765",
      "_CumRespBest_" : "100",
      "_CumResp_" : "100",
      "_DataRole_" : "TRAIN",
      "_Depth_" : "95",
      "_Event_" : "           1",
      "_GainBest_" : "0.0526315789474",
      "_Gain_" : "0.0526315789474",
      "_LiftBest_" : "0",
      "_Lift_" : "0",
      "_NEventsBest_" : "0",
      "_NEvents_" : "0",
      "_NObs_" : "127",
      "_PartInd_" : "1",
      "_PctRespBest_" : "0",
      "_PctResp_" : "0",
      "_RespBest_" : "0",
      "_Resp_" : "0",
      "_TargetName_" : "Default",
      "_Value_" : "0.0172424",
      "_formattedPartition_" : "           1"
    },
    "rowNumber" : 62
  }, {
    "dataMap" : {
      "_Column_" : "P_Default1",
      "_CumLiftBest_" : "1",
      "_CumLift_" : "1",
      "_CumPctRespBest_" : "7.91338582677",
      "_CumPctResp_" : "7.91338582677",
      "_CumRespBest_" : "100",
      "_CumResp_" : "100",
      "_DataRole_" : "TRAIN",
      "_Depth_" : "100",
      "_Event_" : "           1",
      "_GainBest_" : "0",
      "_Gain_" : "0",
      "_LiftBest_" : "0",
      "_Lift_" : "0",
      "_NEventsBest_" : "0",
      "_NEvents_" : "0",
      "_NObs_" : "127",
      "_PartInd_" : "1",
      "_PctRespBest_" : "0",
      "_PctResp_" : "0",
      "_RespBest_" : "0",
      "_Resp_" : "0",
      "_TargetName_" : "Default",
      "_Value_" : "0.010552",
      "_formattedPartition_" : "           1"
    },
    "rowNumber" : 63
  } ],
  "xInteger" : false,
  "yInteger" : false
}