{
  "creationTimeStamp" : "0001-01-01T00:00:00Z",
  "modifiedTimeStamp" : "0001-01-01T00:00:00Z",
  "revision" : 0,
  "name" : "maxDifferences",
  "version" : 0,
  "order" : 0,
  "parameterMap" : {
    "BASE" : {
      "label" : "Base Level",
      "length" : 100,
      "order" : 4,
      "parameter" : "BASE",
      "preformatted" : false,
      "type" : "char",
      "values" : [ "BASE" ]
    },
    "COMPARE" : {
      "label" : "Comparison Level",
      "length" : 100,
      "order" : 5,
      "parameter" : "COMPARE",
      "preformatted" : false,
      "type" : "char",
      "values" : [ "COMPARE" ]
    },
    "Metric" : {
      "label" : "Metric",
      "length" : 15,
      "order" : 6,
      "parameter" : "Metric",
      "preformatted" : false,
      "type" : "char",
      "values" : [ "Metric" ]
    },
    "MetricLabel" : {
      "label" : "Metric Label",
      "length" : 42,
      "order" : 7,
      "parameter" : "MetricLabel",
      "preformatted" : false,
      "type" : "char",
      "values" : [ "MetricLabel" ]
    },
    "VLABEL" : {
      "label" : "Variable Label",
      "length" : 256,
      "order" : 2,
      "parameter" : "VLABEL",
      "preformatted" : false,
      "type" : "char",
      "values" : [ "VLABEL" ]
    },
    "_DATAROLE_" : {
      "label" : "Data Role",
      "length" : 8,
      "order" : 3,
      "parameter" : "_DATAROLE_",
      "preformatted" : false,
      "type" : "char",
      "values" : [ "_DATAROLE_" ]
    },
    "_VARIABLE_" : {
      "label" : "Variable",
      "length" : 255,
      "order" : 1,
      "parameter" : "_VARIABLE_",
      "preformatted" : false,
      "type" : "char",
      "values" : [ "_VARIABLE_" ]
    },
    "maxdiff" : {
      "label" : "Maximum Metric Difference",
      "length" : 8,
      "order" : 8,
      "parameter" : "maxdiff",
      "preformatted" : false,
      "type" : "num",
      "values" : [ "maxdiff" ]
    }
  },
  "data" : [ {
    "dataMap" : {
      "BASE" : "6",
      "COMPARE" : "4",
      "Metric" : "P_Default1",
      "MetricLabel" : "Average P_Default1",
      "VLABEL" : "",
      "_DATAROLE_" : "TEST",
      "_VARIABLE_" : "Delinquencies",
      "maxdiff" : "0.2953841"
    },
    "rowNumber" : 1
  }, {
    "dataMap" : {
      "BASE" : "2",
      "COMPARE" : "1",
      "Metric" : "TPR",
      "MetricLabel" : "True Positive Rate",
      "VLABEL" : "",
      "_DATAROLE_" : "TEST",
      "_VARIABLE_" : "Delinquencies",
      "maxdiff" : "0.8"
    },
    "rowNumber" : 2
  }, {
    "dataMap" : {
      "BASE" : "1",
      "COMPARE" : "0",
      "Metric" : "TNR",
      "MetricLabel" : "True Negative Rate",
      "VLABEL" : "",
      "_DATAROLE_" : "TEST",
      "_VARIABLE_" : "Delinquencies",
      "maxdiff" : "0.00295857988166"
    },
    "rowNumber" : 3
  }, {
    "dataMap" : {
      "BASE" : "0",
      "COMPARE" : "2",
      "Metric" : "FDR",
      "MetricLabel" : "False Discovery Rate",
      "VLABEL" : "",
      "_DATAROLE_" : "TEST",
      "_VARIABLE_" : "Delinquencies",
      "maxdiff" : "0.2"
    },
    "rowNumber" : 4
  }, {
    "dataMap" : {
      "BASE" : "2",
      "COMPARE" : "1",
      "Metric" : "C",
      "MetricLabel" : "Area under ROC",
      "VLABEL" : "",
      "_DATAROLE_" : "TEST",
      "_VARIABLE_" : "Delinquencies",
      "maxdiff" : "0.350446428571"
    },
    "rowNumber" : 5
  }, {
    "dataMap" : {
      "BASE" : "2",
      "COMPARE" : "1",
      "Metric" : "GINI",
      "MetricLabel" : "Gini Coefficient",
      "VLABEL" : "",
      "_DATAROLE_" : "TEST",
      "_VARIABLE_" : "Delinquencies",
      "maxdiff" : "0.700892857143"
    },
    "rowNumber" : 6
  }, {
    "dataMap" : {
      "BASE" : "4",
      "COMPARE" : "2",
      "Metric" : "MISCEVENTKS",
      "MetricLabel" : "Event Misclassification Rate at Maximum KS",
      "VLABEL" : "",
      "_DATAROLE_" : "TEST",
      "_VARIABLE_" : "Delinquencies",
      "maxdiff" : "1"
    },
    "rowNumber" : 7
  }, {
    "dataMap" : {
      "BASE" : "6",
      "COMPARE" : "4",
      "Metric" : "ASE",
      "MetricLabel" : "Average Square Error",
      "VLABEL" : "",
      "_DATAROLE_" : "TEST",
      "_VARIABLE_" : "Delinquencies",
      "maxdiff" : "0.448317570346"
    },
    "rowNumber" : 8
  }, {
    "dataMap" : {
      "BASE" : "6",
      "COMPARE" : "4",
      "Metric" : "MCLL",
      "MetricLabel" : "Multiclass Log Loss",
      "VLABEL" : "",
      "_DATAROLE_" : "TEST",
      "_VARIABLE_" : "Delinquencies",
      "maxdiff" : "1.07521098238"
    },
    "rowNumber" : 9
  }, {
    "dataMap" : {
      "BASE" : "2",
      "COMPARE" : "1",
      "Metric" : "cutoffKS",
      "MetricLabel" : "Kolmogorov-Smirnov at Cutoff",
      "VLABEL" : "",
      "_DATAROLE_" : "TEST",
      "_VARIABLE_" : "Delinquencies",
      "maxdiff" : "0.8"
    },
    "rowNumber" : 10
  }, {
    "dataMap" : {
      "BASE" : "3",
      "COMPARE" : "4",
      "Metric" : "LIFT",
      "MetricLabel" : "Lift",
      "VLABEL" : "",
      "_DATAROLE_" : "TEST",
      "_VARIABLE_" : "Delinquencies",
      "maxdiff" : "4"
    },
    "rowNumber" : 11
  }, {
    "dataMap" : {
      "BASE" : "6",
      "COMPARE" : "4",
      "Metric" : "CUMRESP",
      "MetricLabel" : "Cumulative % Captured Response",
      "VLABEL" : "",
      "_DATAROLE_" : "TEST",
      "_VARIABLE_" : "Delinquencies",
      "maxdiff" : "100"
    },
    "rowNumber" : 12
  }, {
    "dataMap" : {
      "BASE" : "6",
      "COMPARE" : "4",
      "Metric" : "PREDICTED_EVENT",
      "MetricLabel" : "Average Prediction for Event",
      "VLABEL" : "",
      "_DATAROLE_" : "TEST",
      "_VARIABLE_" : "Delinquencies",
      "maxdiff" : "0.2953841"
    },
    "rowNumber" : 13
  }, {
    "dataMap" : {
      "BASE" : "4",
      "COMPARE" : "6",
      "Metric" : "P_Default0",
      "MetricLabel" : "Average P_Default0",
      "VLABEL" : "",
      "_DATAROLE_" : "TEST",
      "_VARIABLE_" : "Delinquencies",
      "maxdiff" : "0.295384"
    },
    "rowNumber" : 14
  }, {
    "dataMap" : {
      "BASE" : "0",
      "COMPARE" : "1",
      "Metric" : "FPR",
      "MetricLabel" : "False Positive Rate",
      "VLABEL" : "",
      "_DATAROLE_" : "TEST",
      "_VARIABLE_" : "Delinquencies",
      "maxdiff" : "0.00295857988166"
    },
    "rowNumber" : 15
  }, {
    "dataMap" : {
      "BASE" : "1",
      "COMPARE" : "2",
      "Metric" : "FNR",
      "MetricLabel" : "False Negative Rate",
      "VLABEL" : "",
      "_DATAROLE_" : "TEST",
      "_VARIABLE_" : "Delinquencies",
      "maxdiff" : "0.8"
    },
    "rowNumber" : 16
  }, {
    "dataMap" : {
      "BASE" : "4",
      "COMPARE" : "6",
      "Metric" : "ACC",
      "MetricLabel" : "Accuracy",
      "VLABEL" : "",
      "_DATAROLE_" : "TEST",
      "_VARIABLE_" : "Delinquencies",
      "maxdiff" : "1"
    },
    "rowNumber" : 17
  }, {
    "dataMap" : {
      "BASE" : "2",
      "COMPARE" : "1",
      "Metric" : "F1",
      "MetricLabel" : "F1 Score",
      "VLABEL" : "",
      "_DATAROLE_" : "TEST",
      "_VARIABLE_" : "Delinquencies",
      "maxdiff" : "0.888888888889"
    },
    "rowNumber" : 18
  }, {
    "dataMap" : {
      "BASE" : "6",
      "COMPARE" : "4",
      "Metric" : "MISCEVENT",
      "MetricLabel" : "Event Misclassification Rate at Cutoff",
      "VLABEL" : "",
      "_DATAROLE_" : "TEST",
      "_VARIABLE_" : "Delinquencies",
      "maxdiff" : "1"
    },
    "rowNumber" : 19
  }, {
    "dataMap" : {
      "BASE" : "6",
      "COMPARE" : "4",
      "Metric" : "MCE",
      "MetricLabel" : "Misclassification Rate",
      "VLABEL" : "",
      "_DATAROLE_" : "TEST",
      "_VARIABLE_" : "Delinquencies",
      "maxdiff" : "1"
    },
    "rowNumber" : 20
  }, {
    "dataMap" : {
      "BASE" : "6",
      "COMPARE" : "4",
      "Metric" : "RASE",
      "MetricLabel" : "Root Average Square Error",
      "VLABEL" : "",
      "_DATAROLE_" : "TEST",
      "_VARIABLE_" : "Delinquencies",
      "maxdiff" : "0.63625805"
    },
    "rowNumber" : 21
  }, {
    "dataMap" : {
      "BASE" : "2",
      "COMPARE" : "1",
      "Metric" : "maxKS",
      "MetricLabel" : "Best Kolmogorov-Smirnov along ROC",
      "VLABEL" : "",
      "_DATAROLE_" : "TEST",
      "_VARIABLE_" : "Delinquencies",
      "maxdiff" : "0.598214285714"
    },
    "rowNumber" : 22
  }, {
    "dataMap" : {
      "BASE" : "0",
      "COMPARE" : "4",
      "Metric" : "GAIN",
      "MetricLabel" : "Gain",
      "VLABEL" : "",
      "_DATAROLE_" : "TEST",
      "_VARIABLE_" : "Delinquencies",
      "maxdiff" : "4"
    },
    "rowNumber" : 23
  }, {
    "dataMap" : {
      "BASE" : "6",
      "COMPARE" : "4",
      "Metric" : "RESP",
      "MetricLabel" : "% Captured Response",
      "VLABEL" : "",
      "_DATAROLE_" : "TEST",
      "_VARIABLE_" : "Delinquencies",
      "maxdiff" : "100"
    },
    "rowNumber" : 24
  }, {
    "dataMap" : {
      "BASE" : "0",
      "COMPARE" : "4",
      "Metric" : "CUMLIFT",
      "MetricLabel" : "Cumulative Lift",
      "VLABEL" : "",
      "_DATAROLE_" : "TEST",
      "_VARIABLE_" : "Delinquencies",
      "maxdiff" : "5"
    },
    "rowNumber" : 25
  }, {
    "dataMap" : {
      "BASE" : "2",
      "COMPARE" : "1",
      "Metric" : "INTO_EVENT",
      "MetricLabel" : "Proportion into Event Level",
      "VLABEL" : "",
      "_DATAROLE_" : "TEST",
      "_VARIABLE_" : "Delinquencies",
      "maxdiff" : "0.266666666667"
    },
    "rowNumber" : 26
  }, {
    "dataMap" : {
      "BASE" : "4",
      "COMPARE" : "0",
      "Metric" : "P_Default1",
      "MetricLabel" : "Average P_Default1",
      "VLABEL" : "",
      "_DATAROLE_" : "TEST",
      "_VARIABLE_" : "DerogatoryMarks",
      "maxdiff" : "0.821401932804"
    },
    "rowNumber" : 27
  }, {
    "dataMap" : {
      "BASE" : "4",
      "COMPARE" : "2",
      "Metric" : "TPR",
      "MetricLabel" : "True Positive Rate",
      "VLABEL" : "",
      "_DATAROLE_" : "TEST",
      "_VARIABLE_" : "DerogatoryMarks",
      "maxdiff" : "1"
    },
    "rowNumber" : 28
  }, {
    "dataMap" : {
      "BASE" : "0",
      "COMPARE" : "4",
      "Metric" : "TNR",
      "MetricLabel" : "True Negative Rate",
      "VLABEL" : "",
      "_DATAROLE_" : "TEST",
      "_VARIABLE_" : "DerogatoryMarks",
      "maxdiff" : "1"
    },
    "rowNumber" : 29
  }, {
    "dataMap" : {
      "BASE" : "4",
      "COMPARE" : "0",
      "Metric" : "FDR",
      "MetricLabel" : "False Discovery Rate",
      "VLABEL" : "",
      "_DATAROLE_" : "TEST",
      "_VARIABLE_" : "DerogatoryMarks",
      "maxdiff" : "0.5"
    },
    "rowNumber" : 30
  }, {
    "dataMap" : {
      "BASE" : "4",
      "COMPARE" : "3",
      "Metric" : "C",
      "MetricLabel" : "Area under ROC",
      "VLABEL" : "",
      "_DATAROLE_" : "TEST",
      "_VARIABLE_" : "DerogatoryMarks",
      "maxdiff" : "1"
    },
    "rowNumber" : 31
  }, {
    "dataMap" : {
      "BASE" : "4",
      "COMPARE" : "3",
      "Metric" : "GINI",
      "MetricLabel" : "Gini Coefficient",
      "VLABEL" : "",
      "_DATAROLE_" : "TEST",
      "_VARIABLE_" : "DerogatoryMarks",
      "maxdiff" : "2"
    },
    "rowNumber" : 32
  }, {
    "dataMap" : {
      "BASE" : "3",
      "COMPARE" : "4",
      "Metric" : "MISCEVENTKS",
      "MetricLabel" : "Event Misclassification Rate at Maximum KS",
      "VLABEL" : "",
      "_DATAROLE_" : "TEST",
      "_VARIABLE_" : "DerogatoryMarks",
      "maxdiff" : "0.666666666667"
    },
    "rowNumber" : 33
  }, {
    "dataMap" : {
      "BASE" : "4",
      "COMPARE" : "0",
      "Metric" : "ASE",
      "MetricLabel" : "Average Square Error",
      "VLABEL" : "",
      "_DATAROLE_" : "TEST",
      "_VARIABLE_" : "DerogatoryMarks",
      "maxdiff" : "0.270253853232"
    },
    "rowNumber" : 34
  }, {
    "dataMap" : {
      "BASE" : "4",
      "COMPARE" : "0",
      "Metric" : "MCLL",
      "MetricLabel" : "Multiclass Log Loss",
      "VLABEL" : "",
      "_DATAROLE_" : "TEST",
      "_VARIABLE_" : "DerogatoryMarks",
      "maxdiff" : "0.623985343531"
    },
    "rowNumber" : 35
  }, {
    "dataMap" : {
      "BASE" : "1",
      "COMPARE" : "2",
      "Metric" : "cutoffKS",
      "MetricLabel" : "Kolmogorov-Smirnov at Cutoff",
      "VLABEL" : "",
      "_DATAROLE_" : "TEST",
      "_VARIABLE_" : "DerogatoryMarks",
      "maxdiff" : "0.4"
    },
    "rowNumber" : 36
  }, {
    "dataMap" : {
      "BASE" : "1",
      "COMPARE" : "2",
      "Metric" : "LIFT",
      "MetricLabel" : "Lift",
      "VLABEL" : "",
      "_DATAROLE_" : "TEST",
      "_VARIABLE_" : "DerogatoryMarks",
      "maxdiff" : "4"
    },
    "rowNumber" : 37
  }, {
    "dataMap" : {
      "BASE" : "4",
      "COMPARE" : "2",
      "Metric" : "CUMRESP",
      "MetricLabel" : "Cumulative % Captured Response",
      "VLABEL" : "",
      "_DATAROLE_" : "TEST",
      "_VARIABLE_" : "DerogatoryMarks",
      "maxdiff" : "100"
    },
    "rowNumber" : 38
  }, {
    "dataMap" : {
      "BASE" : "4",
      "COMPARE" : "0",
      "Metric" : "PREDICTED_EVENT",
      "MetricLabel" : "Average Prediction for Event",
      "VLABEL" : "",
      "_DATAROLE_" : "TEST",
      "_VARIABLE_" : "DerogatoryMarks",
      "maxdiff" : "0.821401932804"
    },
    "rowNumber" : 39
  }, {
    "dataMap" : {
      "BASE" : "0",
      "COMPARE" : "4",
      "Metric" : "P_Default0",
      "MetricLabel" : "Average P_Default0",
      "VLABEL" : "",
      "_DATAROLE_" : "TEST",
      "_VARIABLE_" : "DerogatoryMarks",
      "maxdiff" : "0.821401792857"
    },
    "rowNumber" : 40
  }, {
    "dataMap" : {
      "BASE" : "4",
      "COMPARE" : "0",
      "Metric" : "FPR",
      "MetricLabel" : "False Positive Rate",
      "VLABEL" : "",
      "_DATAROLE_" : "TEST",
      "_VARIABLE_" : "DerogatoryMarks",
      "maxdiff" : "1"
    },
    "rowNumber" : 41
  }, {
    "dataMap" : {
      "BASE" : "2",
      "COMPARE" : "4",
      "Metric" : "FNR",
      "MetricLabel" : "False Negative Rate",
      "VLABEL" : "",
      "_DATAROLE_" : "TEST",
      "_VARIABLE_" : "DerogatoryMarks",
      "maxdiff" : "1"
    },
    "rowNumber" : 42
  }, {
    "dataMap" : {
      "BASE" : "0",
      "COMPARE" : "4",
      "Metric" : "ACC",
      "MetricLabel" : "Accuracy",
      "VLABEL" : "",
      "_DATAROLE_" : "TEST",
      "_VARIABLE_" : "DerogatoryMarks",
      "maxdiff" : "0.44708994709"
    },
    "rowNumber" : 43
  }, {
    "dataMap" : {
      "BASE" : "4",
      "COMPARE" : "2",
      "Metric" : "F1",
      "MetricLabel" : "F1 Score",
      "VLABEL" : "",
      "_DATAROLE_" : "TEST",
      "_VARIABLE_" : "DerogatoryMarks",
      "maxdiff" : "0.666666666667"
    },
    "rowNumber" : 44
  }, {
    "dataMap" : {
      "BASE" : "4",
      "COMPARE" : "0",
      "Metric" : "MISCEVENT",
      "MetricLabel" : "Event Misclassification Rate at Cutoff",
      "VLABEL" : "",
      "_DATAROLE_" : "TEST",
      "_VARIABLE_" : "DerogatoryMarks",
      "maxdiff" : "0.44708994709"
    },
    "rowNumber" : 45
  }, {
    "dataMap" : {
      "BASE" : "4",
      "COMPARE" : "0",
      "Metric" : "MCE",
      "MetricLabel" : "Misclassification Rate",
      "VLABEL" : "",
      "_DATAROLE_" : "TEST",
      "_VARIABLE_" : "DerogatoryMarks",
      "maxdiff" : "0.44708994709"
    },
    "rowNumber" : 46
  }, {
    "dataMap" : {
      "BASE" : "4",
      "COMPARE" : "0",
      "Metric" : "RASE",
      "MetricLabel" : "Root Average Square Error",
      "VLABEL" : "",
      "_DATAROLE_" : "TEST",
      "_VARIABLE_" : "DerogatoryMarks",
      "maxdiff" : "0.347045211628"
    },
    "rowNumber" : 47
  }, {
    "dataMap" : {
      "BASE" : "4",
      "COMPARE" : "3",
      "Metric" : "maxKS",
      "MetricLabel" : "Best Kolmogorov-Smirnov along ROC",
      "VLABEL" : "",
      "_DATAROLE_" : "TEST",
      "_VARIABLE_" : "DerogatoryMarks",
      "maxdiff" : "1"
    },
    "rowNumber" : 48
  }, {
    "dataMap" : {
      "BASE" : "1",
      "COMPARE" : "2",
      "Metric" : "GAIN",
      "MetricLabel" : "Gain",
      "VLABEL" : "",
      "_DATAROLE_" : "TEST",
      "_VARIABLE_" : "DerogatoryMarks",
      "maxdiff" : "6"
    },
    "rowNumber" : 49
  }, {
    "dataMap" : {
      "BASE" : "4",
      "COMPARE" : "2",
      "Metric" : "RESP",
      "MetricLabel" : "% Captured Response",
      "VLABEL" : "",
      "_DATAROLE_" : "TEST",
      "_VARIABLE_" : "DerogatoryMarks",
      "maxdiff" : "100"
    },
    "rowNumber" : 50
  }, {
    "dataMap" : {
      "BASE" : "1",
      "COMPARE" : "2",
      "Metric" : "CUMLIFT",
      "MetricLabel" : "Cumulative Lift",
      "VLABEL" : "",
      "_DATAROLE_" : "TEST",
      "_VARIABLE_" : "DerogatoryMarks",
      "maxdiff" : "6"
    },
    "rowNumber" : 51
  }, {
    "dataMap" : {
      "BASE" : "4",
      "COMPARE" : "2",
      "Metric" : "INTO_EVENT",
      "MetricLabel" : "Proportion into Event Level",
      "VLABEL" : "",
      "_DATAROLE_" : "TEST",
      "_VARIABLE_" : "DerogatoryMarks",
      "maxdiff" : "1"
    },
    "rowNumber" : 52
  }, {
    "dataMap" : {
      "BASE" : "7",
      "COMPARE" : "11",
      "Metric" : "P_Default1",
      "MetricLabel" : "Average P_Default1",
      "VLABEL" : "",
      "_DATAROLE_" : "TEST",
      "_VARIABLE_" : "Inquiries",
      "maxdiff" : "0.3822669"
    },
    "rowNumber" : 53
  }, {
    "dataMap" : {
      "BASE" : "3",
      "COMPARE" : "4",
      "Metric" : "TPR",
      "MetricLabel" : "True Positive Rate",
      "VLABEL" : "",
      "_DATAROLE_" : "TEST",
      "_VARIABLE_" : "Inquiries",
      "maxdiff" : "0.666666666667"
    },
    "rowNumber" : 54
  }, {
    "dataMap" : {
      "BASE" : "1",
      "COMPARE" : "0",
      "Metric" : "TNR",
      "MetricLabel" : "True Negative Rate",
      "VLABEL" : "",
      "_DATAROLE_" : "TEST",
      "_VARIABLE_" : "Inquiries",
      "maxdiff" : "0.00485436893204"
    },
    "rowNumber" : 55
  }, {
    "dataMap" : {
      "BASE" : "0",
      "COMPARE" : "1",
      "Metric" : "FDR",
      "MetricLabel" : "False Discovery Rate",
      "VLABEL" : "",
      "_DATAROLE_" : "TEST",
      "_VARIABLE_" : "Inquiries",
      "maxdiff" : "0.333333333333"
    },
    "rowNumber" : 56
  }, {
    "dataMap" : {
      "BASE" : "6",
      "COMPARE" : "4",
      "Metric" : "C",
      "MetricLabel" : "Area under ROC",
      "VLABEL" : "",
      "_DATAROLE_" : "TEST",
      "_VARIABLE_" : "Inquiries",
      "maxdiff" : "0.45"
    },
    "rowNumber" : 57
  }, {
    "dataMap" : {
      "BASE" : "6",
      "COMPARE" : "4",
      "Metric" : "GINI",
      "MetricLabel" : "Gini Coefficient",
      "VLABEL" : "",
      "_DATAROLE_" : "TEST",
      "_VARIABLE_" : "Inquiries",
      "maxdiff" : "0.9"
    },
    "rowNumber" : 58
  }, {
    "dataMap" : {
      "BASE" : "5",
      "COMPARE" : "6",
      "Metric" : "MISCEVENTKS",
      "MetricLabel" : "Event Misclassification Rate at Maximum KS",
      "VLABEL" : "",
      "_DATAROLE_" : "TEST",
      "_VARIABLE_" : "Inquiries",
      "maxdiff" : "1"
    },
    "rowNumber" : 59
  }, {
    "dataMap" : {
      "BASE" : "6",
      "COMPARE" : "11",
      "Metric" : "ASE",
      "MetricLabel" : "Average Square Error",
      "VLABEL" : "",
      "_DATAROLE_" : "TEST",
      "_VARIABLE_" : "Inquiries",
      "maxdiff" : "0.167950677301"
    },
    "rowNumber" : 60
  }, {
    "dataMap" : {
      "BASE" : "6",
      "COMPARE" : "11",
      "Metric" : "MCLL",
      "MetricLabel" : "Multiclass Log Loss",
      "VLABEL" : "",
      "_DATAROLE_" : "TEST",
      "_VARIABLE_" : "Inquiries",
      "maxdiff" : "0.480647014365"
    },
    "rowNumber" : 61
  }, {
    "dataMap" : {
      "BASE" : "3",
      "COMPARE" : "4",
      "Metric" : "cutoffKS",
      "MetricLabel" : "Kolmogorov-Smirnov at Cutoff",
      "VLABEL" : "",
      "_DATAROLE_" : "TEST",
      "_VARIABLE_" : "Inquiries",
      "maxdiff" : "0.666666666667"
    },
    "rowNumber" : 62
  }, {
    "dataMap" : {
      "BASE" : "1",
      "COMPARE" : "2",
      "Metric" : "LIFT",
      "MetricLabel" : "Lift",
      "VLABEL" : "",
      "_DATAROLE_" : "TEST",
      "_VARIABLE_" : "Inquiries",
      "maxdiff" : "5.71428571429"
    },
    "rowNumber" : 63
  }, {
    "dataMap" : {
      "BASE" : "6",
      "COMPARE" : "4",
      "Metric" : "CUMRESP",
      "MetricLabel" : "Cumulative % Captured Response",
      "VLABEL" : "",
      "_DATAROLE_" : "TEST",
      "_VARIABLE_" : "Inquiries",
      "maxdiff" : "100"
    },
    "rowNumber" : 64
  }, {
    "dataMap" : {
      "BASE" : "7",
      "COMPARE" : "11",
      "Metric" : "PREDICTED_EVENT",
      "MetricLabel" : "Average Prediction for Event",
      "VLABEL" : "",
      "_DATAROLE_" : "TEST",
      "_VARIABLE_" : "Inquiries",
      "maxdiff" : "0.3822669"
    },
    "rowNumber" : 65
  }, {
    "dataMap" : {
      "BASE" : "11",
      "COMPARE" : "7",
      "Metric" : "P_Default0",
      "MetricLabel" : "Average P_Default0",
      "VLABEL" : "",
      "_DATAROLE_" : "TEST",
      "_VARIABLE_" : "Inquiries",
      "maxdiff" : "0.382266925"
    },
    "rowNumber" : 66
  }, {
    "dataMap" : {
      "BASE" : "0",
      "COMPARE" : "1",
      "Metric" : "FPR",
      "MetricLabel" : "False Positive Rate",
      "VLABEL" : "",
      "_DATAROLE_" : "TEST",
      "_VARIABLE_" : "Inquiries",
      "maxdiff" : "0.00485436893204"
    },
    "rowNumber" : 67
  }, {
    "dataMap" : {
      "BASE" : "4",
      "COMPARE" : "3",
      "Metric" : "FNR",
      "MetricLabel" : "False Negative Rate",
      "VLABEL" : "",
      "_DATAROLE_" : "TEST",
      "_VARIABLE_" : "Inquiries",
      "maxdiff" : "0.666666666667"
    },
    "rowNumber" : 68
  }, {
    "dataMap" : {
      "BASE" : "5",
      "COMPARE" : "6",
      "Metric" : "ACC",
      "MetricLabel" : "Accuracy",
      "VLABEL" : "",
      "_DATAROLE_" : "TEST",
      "_VARIABLE_" : "Inquiries",
      "maxdiff" : "0.25"
    },
    "rowNumber" : 69
  }, {
    "dataMap" : {
      "BASE" : "3",
      "COMPARE" : "4",
      "Metric" : "F1",
      "MetricLabel" : "F1 Score",
      "VLABEL" : "",
      "_DATAROLE_" : "TEST",
      "_VARIABLE_" : "Inquiries",
      "maxdiff" : "0.8"
    },
    "rowNumber" : 70
  }, {
    "dataMap" : {
      "BASE" : "6",
      "COMPARE" : "5",
      "Metric" : "MISCEVENT",
      "MetricLabel" : "Event Misclassification Rate at Cutoff",
      "VLABEL" : "",
      "_DATAROLE_" : "TEST",
      "_VARIABLE_" : "Inquiries",
      "maxdiff" : "0.25"
    },
    "rowNumber" : 71
  }, {
    "dataMap" : {
      "BASE" : "6",
      "COMPARE" : "5",
      "Metric" : "MCE",
      "MetricLabel" : "Misclassification Rate",
      "VLABEL" : "",
      "_DATAROLE_" : "TEST",
      "_VARIABLE_" : "Inquiries",
      "maxdiff" : "0.25"
    },
    "rowNumber" : 72
  }, {
    "dataMap" : {
      "BASE" : "6",
      "COMPARE" : "11",
      "Metric" : "RASE",
      "MetricLabel" : "Root Average Square Error",
      "VLABEL" : "",
      "_DATAROLE_" : "TEST",
      "_VARIABLE_" : "Inquiries",
      "maxdiff" : "0.390404486323"
    },
    "rowNumber" : 73
  }, {
    "dataMap" : {
      "BASE" : "6",
      "COMPARE" : "4",
      "Metric" : "maxKS",
      "MetricLabel" : "Best Kolmogorov-Smirnov along ROC",
      "VLABEL" : "",
      "_DATAROLE_" : "TEST",
      "_VARIABLE_" : "Inquiries",
      "maxdiff" : "0.6"
    },
    "rowNumber" : 74
  }, {
    "dataMap" : {
      "BASE" : "1",
      "COMPARE" : "4",
      "Metric" : "GAIN",
      "MetricLabel" : "Gain",
      "VLABEL" : "",
      "_DATAROLE_" : "TEST",
      "_VARIABLE_" : "Inquiries",
      "maxdiff" : "7.14285714286"
    },
    "rowNumber" : 75
  }, {
    "dataMap" : {
      "BASE" : "6",
      "COMPARE" : "2",
      "Metric" : "RESP",
      "MetricLabel" : "% Captured Response",
      "VLABEL" : "",
      "_DATAROLE_" : "TEST",
      "_VARIABLE_" : "Inquiries",
      "maxdiff" : "100"
    },
    "rowNumber" : 76
  }, {
    "dataMap" : {
      "BASE" : "1",
      "COMPARE" : "4",
      "Metric" : "CUMLIFT",
      "MetricLabel" : "Cumulative Lift",
      "VLABEL" : "",
      "_DATAROLE_" : "TEST",
      "_VARIABLE_" : "Inquiries",
      "maxdiff" : "7.14285714286"
    },
    "rowNumber" : 77
  }, {
    "dataMap" : {
      "BASE" : "7",
      "COMPARE" : "4",
      "Metric" : "INTO_EVENT",
      "MetricLabel" : "Proportion into Event Level",
      "VLABEL" : "",
      "_DATAROLE_" : "TEST",
      "_VARIABLE_" : "Inquiries",
      "maxdiff" : "0.25"
    },
    "rowNumber" : 78
  }, {
    "dataMap" : {
      "BASE" : "Sales",
      "COMPARE" : "Owner",
      "Metric" : "P_Default1",
      "MetricLabel" : "Average P_Default1",
      "VLABEL" : "",
      "_DATAROLE_" : "TEST",
      "_VARIABLE_" : "JobType",
      "maxdiff" : "0.276867477778"
    },
    "rowNumber" : 79
  }, {
    "dataMap" : {
      "BASE" : "Sales",
      "COMPARE" : "Mgr",
      "Metric" : "TPR",
      "MetricLabel" : "True Positive Rate",
      "VLABEL" : "",
      "_DATAROLE_" : "TEST",
      "_VARIABLE_" : "JobType",
      "maxdiff" : "0.8"
    },
    "rowNumber" : 80
  }, {
    "dataMap" : {
      "BASE" : "Mgr",
      "COMPARE" : "Other",
      "Metric" : "TNR",
      "MetricLabel" : "True Negative Rate",
      "VLABEL" : "",
      "_DATAROLE_" : "TEST",
      "_VARIABLE_" : "JobType",
      "maxdiff" : "0.00680272108844"
    },
    "rowNumber" : 81
  }, {
    "dataMap" : {
      "BASE" : "Other",
      "COMPARE" : "Mgr",
      "Metric" : "FDR",
      "MetricLabel" : "False Discovery Rate",
      "VLABEL" : "",
      "_DATAROLE_" : "TEST",
      "_VARIABLE_" : "JobType",
      "maxdiff" : "0.2"
    },
    "rowNumber" : 82
  }, {
    "dataMap" : {
      "BASE" : "Sales",
      "COMPARE" : "ProfExe",
      "Metric" : "C",
      "MetricLabel" : "Area under ROC",
      "VLABEL" : "",
      "_DATAROLE_" : "TEST",
      "_VARIABLE_" : "JobType",
      "maxdiff" : "0.368556701031"
    },
    "rowNumber" : 83
  }, {
    "dataMap" : {
      "BASE" : "Sales",
      "COMPARE" : "ProfExe",
      "Metric" : "GINI",
      "MetricLabel" : "Gini Coefficient",
      "VLABEL" : "",
      "_DATAROLE_" : "TEST",
      "_VARIABLE_" : "JobType",
      "maxdiff" : "0.737113402062"
    },
    "rowNumber" : 84
  }, {
    "dataMap" : {
      "BASE" : "Owner",
      "COMPARE" : "Sales",
      "Metric" : "MISCEVENTKS",
      "MetricLabel" : "Event Misclassification Rate at Maximum KS",
      "VLABEL" : "",
      "_DATAROLE_" : "TEST",
      "_VARIABLE_" : "JobType",
      "maxdiff" : "1"
    },
    "rowNumber" : 85
  }, {
    "dataMap" : {
      "BASE" : "Other",
      "COMPARE" : "Owner",
      "Metric" : "ASE",
      "MetricLabel" : "Average Square Error",
      "VLABEL" : "",
      "_DATAROLE_" : "TEST",
      "_VARIABLE_" : "JobType",
      "maxdiff" : "0.080604929179"
    },
    "rowNumber" : 86
  }, {
    "dataMap" : {
      "BASE" : "Other",
      "COMPARE" : "Owner",
      "Metric" : "MCLL",
      "MetricLabel" : "Multiclass Log Loss",
      "VLABEL" : "",
      "_DATAROLE_" : "TEST",
      "_VARIABLE_" : "JobType",
      "maxdiff" : "0.255053505199"
    },
    "rowNumber" : 87
  }, {
    "dataMap" : {
      "BASE" : "Sales",
      "COMPARE" : "Other",
      "Metric" : "cutoffKS",
      "MetricLabel" : "Kolmogorov-Smirnov at Cutoff",
      "VLABEL" : "",
      "_DATAROLE_" : "TEST",
      "_VARIABLE_" : "JobType",
      "maxdiff" : "0.806802721088"
    },
    "rowNumber" : 88
  }, {
    "dataMap" : {
      "BASE" : "Office",
      "COMPARE" : "Owner",
      "Metric" : "LIFT",
      "MetricLabel" : "Lift",
      "VLABEL" : "",
      "_DATAROLE_" : "TEST",
      "_VARIABLE_" : "JobType",
      "maxdiff" : "8"
    },
    "rowNumber" : 89
  }, {
    "dataMap" : {
      "BASE" : "Sales",
      "COMPARE" : "Owner",
      "Metric" : "CUMRESP",
      "MetricLabel" : "Cumulative % Captured Response",
      "VLABEL" : "",
      "_DATAROLE_" : "TEST",
      "_VARIABLE_" : "JobType",
      "maxdiff" : "100"
    },
    "rowNumber" : 90
  }, {
    "dataMap" : {
      "BASE" : "Sales",
      "COMPARE" : "Owner",
      "Metric" : "PREDICTED_EVENT",
      "MetricLabel" : "Average Prediction for Event",
      "VLABEL" : "",
      "_DATAROLE_" : "TEST",
      "_VARIABLE_" : "JobType",
      "maxdiff" : "0.276867477778"
    },
    "rowNumber" : 91
  }, {
    "dataMap" : {
      "BASE" : "Owner",
      "COMPARE" : "Sales",
      "Metric" : "P_Default0",
      "MetricLabel" : "Average P_Default0",
      "VLABEL" : "",
      "_DATAROLE_" : "TEST",
      "_VARIABLE_" : "JobType",
      "maxdiff" : "0.276867517778"
    },
    "rowNumber" : 92
  }, {
    "dataMap" : {
      "BASE" : "Other",
      "COMPARE" : "Mgr",
      "Metric" : "FPR",
      "MetricLabel" : "False Positive Rate",
      "VLABEL" : "",
      "_DATAROLE_" : "TEST",
      "_VARIABLE_" : "JobType",
      "maxdiff" : "0.00680272108844"
    },
    "rowNumber" : 93
  }, {
    "dataMap" : {
      "BASE" : "Mgr",
      "COMPARE" : "Sales",
      "Metric" : "FNR",
      "MetricLabel" : "False Negative Rate",
      "VLABEL" : "",
      "_DATAROLE_" : "TEST",
      "_VARIABLE_" : "JobType",
      "maxdiff" : "0.8"
    },
    "rowNumber" : 94
  }, {
    "dataMap" : {
      "BASE" : "Owner",
      "COMPARE" : "Other",
      "Metric" : "ACC",
      "MetricLabel" : "Accuracy",
      "VLABEL" : "",
      "_DATAROLE_" : "TEST",
      "_VARIABLE_" : "JobType",
      "maxdiff" : "0.101796407186"
    },
    "rowNumber" : 95
  }, {
    "dataMap" : {
      "BASE" : "Sales",
      "COMPARE" : "Other",
      "Metric" : "F1",
      "MetricLabel" : "F1 Score",
      "VLABEL" : "",
      "_DATAROLE_" : "TEST",
      "_VARIABLE_" : "JobType",
      "maxdiff" : "0.68"
    },
    "rowNumber" : 96
  }, {
    "dataMap" : {
      "BASE" : "Other",
      "COMPARE" : "Owner",
      "Metric" : "MISCEVENT",
      "MetricLabel" : "Event Misclassification Rate at Cutoff",
      "VLABEL" : "",
      "_DATAROLE_" : "TEST",
      "_VARIABLE_" : "JobType",
      "maxdiff" : "0.101796407186"
    },
    "rowNumber" : 97
  }, {
    "dataMap" : {
      "BASE" : "Other",
      "COMPARE" : "Owner",
      "Metric" : "MCE",
      "MetricLabel" : "Misclassification Rate",
      "VLABEL" : "",
      "_DATAROLE_" : "TEST",
      "_VARIABLE_" : "JobType",
      "maxdiff" : "0.101796407186"
    },
    "rowNumber" : 98
  }, {
    "dataMap" : {
      "BASE" : "Other",
      "COMPARE" : "Owner",
      "Metric" : "RASE",
      "MetricLabel" : "Root Average Square Error",
      "VLABEL" : "",
      "_DATAROLE_" : "TEST",
      "_VARIABLE_" : "JobType",
      "maxdiff" : "0.2441213282"
    },
    "rowNumber" : 99
  }, {
    "dataMap" : {
      "BASE" : "Sales",
      "COMPARE" : "Other",
      "Metric" : "maxKS",
      "MetricLabel" : "Best Kolmogorov-Smirnov along ROC",
      "VLABEL" : "",
      "_DATAROLE_" : "TEST",
      "_VARIABLE_" : "JobType",
      "maxdiff" : "0.558843537415"
    },
    "rowNumber" : 100
  }, {
    "dataMap" : {
      "BASE" : "Office",
      "COMPARE" : "Owner",
      "Metric" : "GAIN",
      "MetricLabel" : "Gain",
      "VLABEL" : "",
      "_DATAROLE_" : "TEST",
      "_VARIABLE_" : "JobType",
      "maxdiff" : "7"
    },
    "rowNumber" : 101
  }, {
    "dataMap" : {
      "BASE" : "Sales",
      "COMPARE" : "Owner",
      "Metric" : "RESP",
      "MetricLabel" : "% Captured Response",
      "VLABEL" : "",
      "_DATAROLE_" : "TEST",
      "_VARIABLE_" : "JobType",
      "maxdiff" : "100"
    },
    "rowNumber" : 102
  }, {
    "dataMap" : {
      "BASE" : "Office",
      "COMPARE" : "Owner",
      "Metric" : "CUMLIFT",
      "MetricLabel" : "Cumulative Lift",
      "VLABEL" : "",
      "_DATAROLE_" : "TEST",
      "_VARIABLE_" : "JobType",
      "maxdiff" : "8"
    },
    "rowNumber" : 103
  }, {
    "dataMap" : {
      "BASE" : "Sales",
      "COMPARE" : "Owner",
      "Metric" : "INTO_EVENT",
      "MetricLabel" : "Proportion into Event Level",
      "VLABEL" : "",
      "_DATAROLE_" : "TEST",
      "_VARIABLE_" : "JobType",
      "maxdiff" : "0.2"
    },
    "rowNumber" : 104
  } ],
  "xInteger" : false,
  "yInteger" : false
}